FIPS,Place,Name,qName,MS.MIL.XPND.ZS,MS.MIL.XPRT.KD,NE.CON.GOVT.CD,NE.CON.GOVT.CN,NE.CON.GOVT.KD,NE.CON.GOVT.KD.ZG,NE.CON.GOVT.KN,NE.CON.GOVT.ZS,NE.CON.PETC.CD
ABW,Aruba,Aruba,Aruba,,,,,,,,,
AFG,Afghanistan,Afghanistan,Afghanistan,,,2422842704.82507,150999552745.624,,,,12.2968298457315,21699533096.8044
AGO,Angola,Angola,Angola,14.916394676894,,17765558031.8159,2125999000000,,,,17.2544392259976,78061714870.1802
ALB,Albania,Albania,Albania,4.75454107726989,,1275883511.37814,160711307800,1444951095.20509,-0.27000005216648,48195547400,11.2014275088438,9083307322.5956
AND,Andorra,Andorra,Andorra,,,,,,,,,
ARE,United Arab Emirates,United Arab Emirates,United Arab Emirates,,63000000,48741184479.2376,179002000000,44574070724.5285,-0.272595690075946,163698274735.831,13.6167882235731,204447438132.148
ARG,Argentina,Argentina,Argentina,3.39937312285214,,108153621846.221,1082812431200,80113054449.0149,6.78843899576871,96649356300,18.4969210547127,382707351804.87
ARM,Armenia,Armenia,Armenia,16.9041747961036,,1381202603.03906,660102000000,1351039499.98444,4.49999996114592,160028205800,13.1178522478438,8240328315.53008
ASM,American Samoa,American Samoa,American Samoa,,,,,,,,,
ATG,Antigua and Barbuda,Antigua and Barbuda,Antigua and Barbuda,,,216920185.185185,585684500,293519616.557734,40.4157043879908,608000000,16.0012424308664,911351740.740741
AUS,Australia,Australia,Australia,7.36669682549549,83000000,244110158915.051,293396000000,230704791181.118,2.3023574494496,293396000000,18.144285523458,761005907313.42
AUT,Austria,Austria,Austria,1.43660421054721,9000000,75101887610.2966,67716290000,82534344260.9215,2.07064523499683,62317140000,19.9226475248138,198142310563.623
AZE,Azerbaijan,Azerbaijan,Azerbaijan,22.6259449113879,,6585594378.29397,6747600000,,,,12.4082383229128,30087936755.8071
BDI,Burundi,Burundi,Burundi,,,640106556.598006,1006193610000,673930407.921143,-3.00000000042819,679632410800,20.6664334663582,2667359932.9557
BEL,Belgium,Belgium,Belgium,2.20724671074969,11000000,108756197378.109,98061000000,119228295431.624,0.323820833574317,90022722600,23.9029170231592,233074819793.794
BEN,Benin,Benin,Benin,,,1410771333.81633,834400000000,1508368237.39238,12.3892325698043,672200000000,17.0157228215429,5686537903.91234
BFA,Burkina Faso,Burkina Faso,Burkina Faso,9.4774110481599,,2502738002.82188,1480243140400,3159728882.14713,10.332945718174,1037479757100,22.4485786263267,6599235987.01157
BGD,Bangladesh,Bangladesh,Bangladesh,16.2145786934587,,10542515076.5319,819176000000,7990181109.32651,8.75157051386961,431921000000,5.40424073800658,142644794110.612
BGR,Bulgaria,Bulgaria,Bulgaria,4.72663835683241,66000000,8097027884.83337,14286396000,8527301183.188,1.35073167984685,12598200000,16.1298211611901,31390851280.8887
BHR,Bahrain,Bahrain,Bahrain,,,5492021276.59575,2065000000,4903862978.7234,0.326441784548422,1844000000,17.6445658155122,14024787234.0426
BIH,Bosnia and Herzegovina,Bosnia and Herzegovina,Bosnia and Herzegovina,2.71081737636509,,3493187978.45194,6160237000,3957614816.82129,0.779752757030863,5844209800,21.5978097017275,12790151403.459
BLR,Belarus,Belarus,Belarus,4.56000475977594,142000000,8424048635.02254,13416130000,8357268663.83187,-0.400339068947289,170754997.23,14.9217643769907,31579013529.7286
BLZ,Belize,Belize,Belize,,,270032450,540064900,259115524.6163,6.51688626549252,395325600,15.4964325473435,1237350250
BMU,Bermuda,Bermuda,Bermuda,,,,,,,,,
BOL,Bolivia,Bolivia,Bolivia,,,5773469898.69754,39894677000,3892381456.74509,9.16744184752613,5101507000,17.4952582182004,22578642691.7511
BRA,Brazil,Brazil,Brazil,3.72902975928992,38000000,355726351859.088,1183466000000,444584419236.08,-1.05996092284065,321402483100,19.7225531166029,1151515224383.06
BRB,Barbados,Barbados,Barbados,,,641449150,1282898300,546400731.500216,2.34889862849008,166174900,14.5065165769596,3572793350
BRN,Brunei Darussalam,Brunei Darussalam,Brunei Darussalam,,,3240235653.50207,4455000000,3266593325.99927,-3.5930735930736,4454000000,25.059061761728,2608189686.52266
BTN,Bhutan,Bhutan,Bhutan,,,365780280.864635,23465500000,332090748.397563,10.8013625756614,9914240000,17.7740325894506,1138411177.22156
BWA,Botswana,Botswana,Botswana,,,2972359102.25592,30056719665.5273,3970843404.82595,2.53090401819594,18375123962.4023,20.597600647169,7015760757.69833
CAF,Central African Republic,Central African Republic,Central African Republic,,,121565746.526119,71900000000,81008598.7656212,8.50230597221133,53049609300,7.67568697799852,1589611319.64775
CAN,Canada,Canada,Canada,5.74492135727607,357000000,326581727191.86,417730000000,359784943246.815,1.47238611045654,370637058400,21.0316922877082,893320991231.52
CHE,Switzerland,Switzerland,Switzerland,3.86819534832932,437000000,75970899135.8041,73112974800,68530561026.6703,2.15119198626988,71470909000,11.3255873221877,361741686553.612
CHI,Channel Islands,Channel Islands,Channel Islands,,,,,,,,,
CHL,Chile,Chile,Chile,8.78019333955778,,31969634991.5865,20912108716200,31556750111.2131,4.51578966077368,18507900857500,13.1823813051111,154206309712.026
CHN,China,China,China,,1764000000,1546148534725.01,9628640000000,1178846501750.29,9.33492006137737,7981144470800,13.9737494412613,4109558281653.95
CIV,Cote d'Ivoire,Cote d'Ivoire,Cote d'Ivoire,,,4706436382.10419,2782445189100,4282626207.87325,27.6912473158939,2131090677600,14.3364272052488,20342370447.9026
CMR,Cameroon,Cameroon,Cameroon,,,3350581917.81378,1981700000000,3649624114.44459,4.83963183151678,1331100000000,11.7912010757679,22230469380.7333
COL,Colombia,Colombia,Colombia,11.2982227113464,,54278798178.287,148826000000000,64239855952.8403,4.95120988211406,93034000000000,18.6192625658066,183029102394.637
COM,Comoros,Comoros,Comoros,,,,,,,,,
CPV,Cabo Verde,Cabo Verde,Cabo Verde,,,,,,,,,
CRI,Costa Rica,Costa Rica,Costa Rica,,,9588640749.932,5125759413400,6867372048.56805,2.2534074230595,4335626782800,17.4847239095549,
CUB,Cuba,Cuba,Cuba,,,28062225863.846,28062225863.846,21918004007.3983,0.0432593990876313,12719500000,32.2062711904656,48554174136.154
CUW,Curacao,Curacao,Curacao,,,,,,,,,
CYM,Cayman Islands,Cayman Islands,Cayman Islands,,,,,,,,,
CYP,Cyprus,Cyprus,Cyprus,4.32852646219164,,3074414993.90041,2772200000,3960895325.71236,-0.599328141701022,2603900000,15.7179144081827,13590551181.1024
CZE,Czech Republic,Czech Republic,Czech Republic,2.87696974239547,138000000,36167366227.9587,889672000000,42925398923.9852,1.95198631022852,819800000000,19.5334183020958,86984541897.4541
DEU,Germany,Germany,Germany,4.1919866600029,1792000000,647362278679.622,583700000000,701410159228.678,2.74693854705357,529596200000,19.2461141775641,1814404414083.63
DJI,Djibouti,Djibouti,Djibouti,,,,,,,,,
DMA,Dominica,Dominica,Dominica,,,115442592.592593,311695000,,,,22.3198685390928,392073111.111111
DNK,Denmark,Denmark,Denmark,2.7419315758868,25000000,77408473847.6759,520797000000,89744891382.1384,0.595322325085462,504732000000,25.6908272661754,142074946037.24
DOM,Dominican Republic,Dominican Republic,Dominican Republic,4.23317274627992,,7412611805.99178,333950763300,6024289320.51894,7.65577103955761,171113130900,10.8844740681876,47797820199.9037
DZA,Algeria,Algeria,Algeria,,,34231040849.5661,3446771426600,31572853120.7197,-1.13000024210091,991963370000,20.7738508484578,68068894197.5184
EASASM,American Samoa,American Samoa,"American Samoa, East Asia and Pacific",,,,,,,,,
EASAUS,Australia,Australia,"Australia, East Asia and Pacific",7.36669682549549,83000000,244110158915.051,293396000000,230704791181.118,2.3023574494496,293396000000,18.144285523458,761005907313.42
EASBRN,Brunei Darussalam,Brunei Darussalam,"Brunei Darussalam, East Asia and Pacific",,,3240235653.50207,4455000000,3266593325.99927,-3.5930735930736,4454000000,25.059061761728,2608189686.52266
EASCHN,China,China,"China, East Asia and Pacific",,1764000000,1546148534725.01,9628640000000,1178846501750.29,9.33492006137737,7981144470800,13.9737494412613,4109558281653.95
EASFJI,Fiji,Fiji,"Fiji, East Asia and Pacific",,,703176803.668283,1475000000,,,,16.013810744659,3154427066.38908
EASGUM,Guam,Guam,"Guam, East Asia and Pacific",,,,,,,,,
EASIDN,Indonesia,Indonesia,"Indonesia, East Asia and Pacific",6.11934329288896,,84007571678.3736,1.12481206392809E+15,85301474642.6818,5.31646724534163,775427365630940,9.75407282091785,479224433580.585
EASJPN,Japan,Japan,"Japan, East Asia and Pacific",5.43806283289048,,870223039962.178,105335300000000,1194421268377.29,1.6493733605101,104846149635500,19.8541613419554,2479111201930.54
EASKHM,Cambodia,Cambodia,"Cambodia, East Asia and Pacific",18.2176730088757,,974332893.122734,3963342626000,914192610.678337,4.38636299771424,2829967996900,5.39797983695337,13821976577.3042
EASKIR,Kiribati,Kiribati,"Kiribati, East Asia and Pacific",,,,,,,,,
EASMHL,Marshall Islands,Marshall Islands,"Marshall Islands, East Asia and Pacific",,,,,,,,,
EASMMR,Myanmar,Myanmar,"Myanmar, East Asia and Pacific",,,,,,,,,
EASMNG,Mongolia,Mongolia,"Mongolia, East Asia and Pacific",,,1589657959.72531,3132117702900,1561614116.19288,-4.70602651680977,2119210611300,13.5389837669656,6861701981.29309
EASMNP,Northern Mariana Islands,Northern Mariana Islands,"Northern Mariana Islands, East Asia and Pacific",,,,,,,,,
EASMYS,Malaysia,Malaysia,"Malaysia, East Asia and Pacific",8.22207976810948,,38916399948.7902,151988000000,44471453851.1688,4.35647315086656,143247000000,13.134865970579,160361285366.79
EASNCL,New Caledonia,New Caledonia,"New Caledonia, East Asia and Pacific",,,,,,,,,
EASNZL,New Zealand,New Zealand,"New Zealand, East Asia and Pacific",3.44873238391012,1000000,32736972401.8899,46944000000,31397906673.6032,2.66708421722095,43575077000,18.6467001648428,101539427116.93
EASPHL,Philippines,Philippines,"Philippines, East Asia and Pacific",8.07660420451486,,31993263462.361,1455783068675.12,26677221415.937,7.55255920140763,783955445392.976,10.927627672696,215940164227.61
EASPLW,Palau,Palau,"Palau, East Asia and Pacific",,,,,,,,,
EASPNG,Papua New Guinea,Papua New Guinea,"Papua New Guinea, East Asia and Pacific",2.25241181017297,,,,,,,,
EASPYF,French Polynesia,French Polynesia,"French Polynesia, East Asia and Pacific",,,,,,,,,
EASSGP,Singapore,Singapore,"Singapore, East Asia and Pacific",19.1521330689827,48000000,31564300261.8563,43394600000,27952988632.1966,7.98301233560552,38113900000,10.6334137554687,108869653767.821
EASSLB,Solomon Islands,Solomon Islands,"Solomon Islands, East Asia and Pacific",,,,,,,,,
EASTHA,Thailand,Thailand,"Thailand, East Asia and Pacific",7.61611190149603,,69088902320.4478,2366136000000,64588341336.6079,3.03710064187629,1504760000000,17.3053416383472,195060310619.399
EASTLS,Timor-Leste,Timor-Leste,"Timor-Leste, East Asia and Pacific",3.17139200972713,,,,,,,,
EASTON,Tonga,Tonga,"Tonga, East Asia and Pacific",,,,,,,,,
EASTUV,Tuvalu,Tuvalu,"Tuvalu, East Asia and Pacific",,,,,,,,,
EASVNM,Vietnam,Vietnam,"Vietnam, East Asia and Pacific",,,12238468667.0522,265545000000000,9792661888.3971,6.96011388890159,182270000000000,6.3332635321649,125991113568.201
EASVUT,Vanuatu,Vanuatu,"Vanuatu, East Asia and Pacific",,,,,,,,,
EASWSM,Samoa,Samoa,"Samoa, East Asia and Pacific",,,,,,,,,
ECSALB,Albania,Albania,"Albania, Europe and Central Asia",4.75454107726989,,1275883511.37814,160711307800,1444951095.20509,-0.27000005216648,48195547400,11.2014275088438,9083307322.5956
ECSAND,Andorra,Andorra,"Andorra, Europe and Central Asia",,,,,,,,,
ECSARM,Armenia,Armenia,"Armenia, Europe and Central Asia",16.9041747961036,,1381202603.03906,660102000000,1351039499.98444,4.49999996114592,160028205800,13.1178522478438,8240328315.53008
ECSAUT,Austria,Austria,"Austria, Europe and Central Asia",1.43660421054721,9000000,75101887610.2966,67716290000,82534344260.9215,2.07064523499683,62317140000,19.9226475248138,198142310563.623
ECSAZE,Azerbaijan,Azerbaijan,"Azerbaijan, Europe and Central Asia",22.6259449113879,,6585594378.29397,6747600000,,,,12.4082383229128,30087936755.8071
ECSBEL,Belgium,Belgium,"Belgium, Europe and Central Asia",2.20724671074969,11000000,108756197378.109,98061000000,119228295431.624,0.323820833574317,90022722600,23.9029170231592,233074819793.794
ECSBGR,Bulgaria,Bulgaria,"Bulgaria, Europe and Central Asia",4.72663835683241,66000000,8097027884.83337,14286396000,8527301183.188,1.35073167984685,12598200000,16.1298211611901,31390851280.8887
ECSBIH,Bosnia and Herzegovina,Bosnia and Herzegovina,"Bosnia and Herzegovina, Europe and Central Asia",2.71081737636509,,3493187978.45194,6160237000,3957614816.82129,0.779752757030863,5844209800,21.5978097017275,12790151403.459
ECSBLR,Belarus,Belarus,"Belarus, Europe and Central Asia",4.56000475977594,142000000,8424048635.02254,13416130000,8357268663.83187,-0.400339068947289,170754997.23,14.9217643769907,31579013529.7286
ECSCHE,Switzerland,Switzerland,"Switzerland, Europe and Central Asia",3.86819534832932,437000000,75970899135.8041,73112974800,68530561026.6703,2.15119198626988,71470909000,11.3255873221877,361741686553.612
ECSCHI,Channel Islands,Channel Islands,"Channel Islands, Europe and Central Asia",,,,,,,,,
ECSCYP,Cyprus,Cyprus,"Cyprus, Europe and Central Asia",4.32852646219164,,3074414993.90041,2772200000,3960895325.71236,-0.599328141701022,2603900000,15.7179144081827,13590551181.1024
ECSCZE,Czech Republic,Czech Republic,"Czech Republic, Europe and Central Asia",2.87696974239547,138000000,36167366227.9587,889672000000,42925398923.9852,1.95198631022852,819800000000,19.5334183020958,86984541897.4541
ECSDEU,Germany,Germany,"Germany, Europe and Central Asia",4.1919866600029,1792000000,647362278679.622,583700000000,701410159228.678,2.74693854705357,529596200000,19.2461141775641,1814404414083.63
ECSDNK,Denmark,Denmark,"Denmark, Europe and Central Asia",2.7419315758868,25000000,77408473847.6759,520797000000,89744891382.1384,0.595322325085462,504732000000,25.6908272661754,142074946037.24
ECSESP,Spain,Spain,"Spain, Europe and Central Asia",6.06233850420002,1151000000,231228223607.394,208489000000,277619232401.44,1.97365220521701,209615000000,19.3828040820387,693205553973.818
ECSEST,Estonia,Estonia,"Estonia, Europe and Central Asia",,0,4553615917.62616,4105808600,4434757283.22607,3.43858006558773,3348441100,20.2739115356058,11417156528.075
ECSFIN,Finland,Finland,"Finland, Europe and Central Asia",3.23574730354391,23000000,56657785452.505,51086000000,59826901538.7155,0.0775417063606341,45172000000,24.3834452606307,127276503514.26
ECSFRA,France,France,"France, Europe and Central Asia",4.69631405882674,2080000000,578734335485.488,521821000000,673900273962.563,1.40824579130619,508825000000,23.7813678794919,1347204488256.69
ECSFRO,Faroe Islands,Faroe Islands,"Faroe Islands, Europe and Central Asia",,,,,,,,,
ECSGBR,United Kingdom,United Kingdom,"United Kingdom, Europe and Central Asia",4.87515245546641,1139000000,554337340458.528,362839000000,553618384699.657,1.30652423541262,358290383900,19.3750353764643,1860732430675.91
ECSGEO,Georgia,Georgia,"Georgia, Europe and Central Asia",9.26443722066117,,2498203587.00921,5669173400,,6.59063399380015,2389165000,17.8525404228796,9540177323.40369
ECSGRC,Greece,Greece,"Greece, Europe and Central Asia",4.75452113771753,,39195831354.7605,35341272600,53620052015.8501,0.0408129346703134,40485549600,20.1148484043459,136230442912.038
ECSGRL,Greenland,Greenland,"Greenland, Europe and Central Asia",,,1098411094.10069,7390000000,1205757365.62294,-1.88097752955305,6781300000,49.4694915821535,970659492.560829
ECSHRV,Croatia,Croatia,"Croatia, Europe and Central Asia",,,9588228846.79877,65758949900,11760296616.9516,-0.286392448824714,64658110800,19.6979269453822,28600810681.9474
ECSHUN,Hungary,Hungary,"Hungary, Europe and Central Asia",2.14663499431963,,24385665828.3587,6811709000000,30549979158.508,0.960882620163389,6352689957800,20.0350204294172,60054000161.0983
ECSIMN,Isle of Man,Isle of Man,"Isle of Man, Europe and Central Asia",,,,,,,,,
ECSIRL,Ireland,Ireland,"Ireland, Europe and Central Asia",1.26770879192006,,35602648746.0028,32101447300,41524678388.1843,0.269556995309287,31352998800,12.5486923210313,96605448740.2239
ECSISL,Iceland,Iceland,"Iceland, Europe and Central Asia",,,3961803494.09389,522636000000,3322883578.01129,0.972531604599112,406195307000,23.6050451518143,8356441729.21072
ECSITA,Italy,Italy,"Italy, Europe and Central Asia",3.24325175968717,692000000,345628461821.893,311639000000,412839845996.608,-0.73529660506469,311712641700,18.9395606087417,1110191199983.05
ECSKAZ,Kazakhstan,Kazakhstan,"Kazakhstan, Europe and Central Asia",7.16543696976351,,21449401361.9371,4755939300000,23247149793.2836,2.40000000000047,1614226261362.04,11.6327261488061,104134604378.422
ECSLIE,Liechtenstein,Liechtenstein,"Liechtenstein, Europe and Central Asia",,,,,,,,,
ECSLTU,Lithuania,Lithuania,"Lithuania, Europe and Central Asia",11.8502920904367,,7278328591.17181,6562570200,7579896911.98816,0.938297326800324,5723162900,17.5796451804162,26158116653.1825
ECSLUX,Luxembourg,Luxembourg,"Luxembourg, Europe and Central Asia",1.24325180071635,,9585870454.02058,8643186000,10230208121.5742,2.35887711263594,7724267000,16.5136273756767,17366809033.3137
ECSLVA,Latvia,Latvia,"Latvia, Europe and Central Asia",2.46465919703269,,4873840539.44373,4394542000,4822214876.61707,3.05491816293934,3640989000,18.0338701940626,16485080981.11
ECSMCO,Monaco,Monaco,"Monaco, Europe and Central Asia",,,,,,,,,
ECSMDA,Moldova,Moldova,"Moldova, Europe and Central Asia",1.04350085154288,,1336622206.8709,25153225000,1160950579.43387,3.02864479586719,2713641700,20.5226903714824,5721745038.12737
ECSMNE,Montenegro,Montenegro,"Montenegro, Europe and Central Asia",,,777992680.492403,701516000,982572103.342869,1.9101738424293,320891800,19.3535856700105,3184942885.66042
ECSNLD,Netherlands,Netherlands,"Netherlands, Europe and Central Asia",2.81949164159506,474000000,190074082653.197,171382000000,218885275723.59,0.237810044917325,165268222500,25.332468135237,334759607391.431
ECSNOR,Norway,Norway,"Norway, Europe and Central Asia",3.87772922875411,240000000,90188116151.6999,727292000000,99698164632.5658,2.0804670611176,602592323400,23.3298357975937,166329027591.196
ECSPOL,Poland,Poland,"Poland, Europe and Central Asia",6.25376102755258,11000000,85906353627.8021,323824000000,97994021490.399,2.37192531939002,295481373000,17.9970110947407,278945748773.047
ECSPRT,Portugal,Portugal,"Portugal, Europe and Central Asia",4.01557753590013,7000000,36166679850.4841,32610011000,45136635785.9695,0.74169270591949,34080189000,18.1666986176133,130670899988.098
ECSROU,Romania,Romania,"Romania, Europe and Central Asia",4.43946637073087,,24337868537.3343,97490200000,25960896476.5101,0.141692138251926,48554100000,13.7097215353,109962628254.737
ECSSMR,San Marino,San Marino,"San Marino, Europe and Central Asia",,,,,,,,,
ECSSRB,Serbia,Serbia,"Serbia, Europe and Central Asia",,29000000,6027589021.00331,655870400000,7265341462.4419,-1.47769414744073,564727000000,16.2204927166726,27751436889.8847
ECSSVN,Slovenia,Slovenia,"Slovenia, Europe and Central Asia",2.22381802511697,,7989241505.33305,7203571200,9371183902.82974,2.450353135253,7075665100,18.6766122660497,22304967017.0098
ECSSWE,Sweden,Sweden,"Sweden, Europe and Central Asia",3.38983303740619,185000000,128794368674.611,1086360000000,132167576267.81,2.53031992526036,952601000000,25.9826175054764,223379318854.96
ECSTJK,Tajikistan,Tajikistan,"Tajikistan, Europe and Central Asia",,,1161283477.47075,7157106200,,,,14.7869206803081,
ECSTKM,Turkmenistan,Turkmenistan,"Turkmenistan, Europe and Central Asia",,,,,,,,,
ECSTUR,Turkey,Turkey,"Turkey, Europe and Central Asia",6.11386858733904,290000000,119265846877.26,324403998000,144683913532.851,4.07691190649653,200706463000,13.8780681457282,519083453630.183
ECSUKR,Ukraine,Ukraine,"Ukraine, Europe and Central Asia",10.632569953119,347000000,17226833053.3264,376315000000,27295730631.5843,-0.412404312544538,216608000000,18.9241475169772,61016997257.9161
ECSUZB,Uzbekistan,Uzbekistan,"Uzbekistan, Europe and Central Asia",,34000000,10570801054.5212,27145711400000,,,,15.8,41476406734.8393
ECSXKX,Kosovo,Kosovo,"Kosovo, Europe and Central Asia",,,991349672.840191,893900000,921010250.693943,-6.4914249078378,583400000,15.3924303474877,5554951757.79084
ECU,Ecuador,Ecuador,Ecuador,,,14402697000,14402697000,12946914448.8801,0.597116652444214,10172307000,14.3772768243923,61864812000
ERI,Eritrea,Eritrea,Eritrea,,,,,,,,,
ESP,Spain,Spain,Spain,6.06233850420002,1151000000,231228223607.394,208489000000,277619232401.44,1.97365220521701,209615000000,19.3828040820387,693205553973.818
EST,Estonia,Estonia,Estonia,,0,4553615917.62616,4105808600,4434757283.22607,3.43858006558773,3348441100,20.2739115356058,11417156528.075
ETH,Ethiopia,Ethiopia,Ethiopia,,,5810686856.79007,116995500000,,3.7927639254879,72946800000,9.01378857603043,45927314673.1147
FIN,Finland,Finland,Finland,3.23574730354391,23000000,56657785452.505,51086000000,59826901538.7155,0.0775417063606341,45172000000,24.3834452606307,127276503514.26
FJI,Fiji,Fiji,Fiji,,,703176803.668283,1475000000,,,,16.013810744659,3154427066.38908
FRA,France,France,France,4.69631405882674,2080000000,578734335485.488,521821000000,673900273962.563,1.40824579130619,508825000000,23.7813678794919,1347204488256.69
FRO,Faroe Islands,Faroe Islands,Faroe Islands,,,,,,,,,
GAB,Gabon,Gabon,Gabon,,,2032112631.76315,1201892000000,2256067665.49153,-12.1047053544521,1047255000000,14.2484083941672,5297744858.69039
GBR,United Kingdom,United Kingdom,United Kingdom,4.87515245546641,1139000000,554337340458.528,362839000000,553618384699.657,1.30652423541262,358290383900,19.3750353764643,1860732430675.91
GEO,Georgia,Georgia,Georgia,9.26443722066117,,2498203587.00921,5669173400,,6.59063399380015,2389165000,17.8525404228796,9540177323.40369
GHA,Ghana,Ghana,Ghana,,,7192953702.95208,26582999000,5805251382.22499,4.26676935258273,5780982400,19.1590562814867,25439551343.4532
GIN,Guinea,Guinea,Guinea,,,575912147.788008,4311000000000,1076702042.21862,2.49188594726537,3821000000000,8.59672562665762,6878736908.03469
GNB,Guinea-Bissau,Guinea-Bissau,Guinea-Bissau,,,115046865.201509,68044410900,128118738.353559,4.79677970772308,56682414300,10.886580274027,876246923.532778
GNQ,Equatorial Guinea,Equatorial Guinea,Equatorial Guinea,,,2471509401.9016,1461773000000,2621549846.30882,-4.74459913088207,1004242693100,20.3213743562103,5271241655.96556
GRC,Greece,Greece,Greece,4.75452113771753,,39195831354.7605,35341272600,53620052015.8501,0.0408129346703134,40485549600,20.1148484043459,136230442912.038
GRD,Grenada,Grenada,Grenada,,,127407407.407407,344000000,,,,12.9469326307866,860013178.148148
GRL,Greenland,Greenland,Greenland,,,1098411094.10069,7390000000,1205757365.62294,-1.88097752955305,6781300000,49.4694915821535,970659492.560829
GTM,Guatemala,Guatemala,Guatemala,,,6612678842.03376,50618734000,5334263083.95804,-0.131204619634431,26722335000,10.3699670883389,54196536776.5365
GUM,Guam,Guam,Guam,,,,,,,,,
GUY,Guyana,Guyana,Guyana,,,538876513.317191,111278000000,,,,16.950577697891,2516765133.17191
HND,Honduras,Honduras,Honduras,6.87006058660874,,3025667373.352,66398800000,2969957709.35764,2.65543235113395,25561100000,14.5155564105703,16207662960.0812
HRV,Croatia,Croatia,Croatia,,,9588228846.79877,65758949900,11760296616.9516,-0.286392448824714,64658110800,19.6979269453822,28600810681.9474
HTI,Haiti,Haiti,Haiti,,,876390888.253211,42555000000,805624916.635475,15.6493804497476,2520000000,10.0449906053196,7685776127.48702
HUN,Hungary,Hungary,Hungary,2.14663499431963,,24385665828.3587,6811709000000,30549979158.508,0.960882620163389,6352689957800,20.0350204294172,60054000161.0983
IDN,Indonesia,Indonesia,Indonesia,6.11934329288896,,84007571678.3736,1.12481206392809E+15,85301474642.6818,5.31646724534163,775427365630940,9.75407282091785,479224433580.585
IMN,Isle of Man,Isle of Man,Isle of Man,,,,,,,,,
IND,India,India,India,,42000000,217851467798.54,14114596598667.4,225828379767.117,3.33653609036206,11097249778300.3,10.3161526936498,1247860728485
IRL,Ireland,Ireland,Ireland,1.26770879192006,,35602648746.0028,32101447300,41524678388.1843,0.269556995309287,31352998800,12.5486923210313,96605448740.2239
IRQ,Iraq,Iraq,Iraq,,,40059766991.9979,46763100000000,,,,22.3,106548229541.64
ISL,Iceland,Iceland,Iceland,,,3961803494.09389,522636000000,3322883578.01129,0.972531604599112,406195307000,23.6050451518143,8356441729.21072
ISR,Israel,Israel,Israel,15.2065812963136,694000000,66888442935.0623,259982000000,61990639208.3444,3.2772203111912,259982000000,22.3396567531873,163764536379.541
ITA,Italy,Italy,Italy,3.24325175968717,692000000,345628461821.893,311639000000,412839845996.608,-0.73529660506469,311712641700,18.9395606087417,1110191199983.05
JAM,Jamaica,Jamaica,Jamaica,2.76349313087171,,1962811896.90806,229448000000,2026390680.91725,-0.38277032109248,119196000000,13.7625337918285,11516771943.992
JOR,Jordan,Jordan,Jordan,16.2867281760114,18000000,7012737746.47888,4979043800,5603859881.89509,3.63640602677657,1933620600,18.6919557981894,30054532112.6761
JPN,Japan,Japan,Japan,5.43806283289048,,870223039962.178,105335300000000,1194421268377.29,1.6493733605101,104846149635500,19.8541613419554,2479111201930.54
KAZ,Kazakhstan,Kazakhstan,Kazakhstan,7.16543696976351,,21449401361.9371,4755939300000,23247149793.2836,2.40000000000047,1614226261362.04,11.6327261488061,104134604378.422
KEN,Kenya,Kenya,Kenya,6.07407578457702,,9114486571.49376,894853000000,7686708964.20141,13.0263893578977,612516000000,14.2933013621917,47946927658.8116
KHM,Cambodia,Cambodia,Cambodia,18.2176730088757,,974332893.122734,3963342626000,914192610.678337,4.38636299771424,2829967996900,5.39797983695337,13821976577.3042
KIR,Kiribati,Kiribati,Kiribati,,,,,,,,,
KNA,St. Kitts and Nevis,St. Kitts and Nevis,St. Kitts and Nevis,,,124007407.407407,334820000,,,,14.1483675352223,539173000
KWT,Kuwait,Kuwait,Kuwait,9.24007028896575,,28005982053.8385,8427000000,25411723656.6643,-0.478272752118073,7283000000,24.5577735684103,47125290794.2838
LBN,Lebanon,Lebanon,Lebanon,19.5879934449212,,6507440898.64013,9809967154700,6555977407.76119,-0.29460315711043,9883135942200,13.8207113205811,31355870895.9204
LBR,Liberia,Liberia,Liberia,,,343000000,343000000,273585924.48406,5.20266897186225,106000000,16.8633235004916,3052200000
LBY,Libya,Libya,Libya,,,,,,,,,
LCA,St. Lucia,St. Lucia,St. Lucia,,,196588148.148148,530788000,,,,13.7365134305145,990059444.444445
LCNABW,Aruba,Aruba,"Aruba, Latin America and Caribbean",,,,,,,,,
LCNARG,Argentina,Argentina,"Argentina, Latin America and Caribbean",3.39937312285214,,108153621846.221,1082812431200,80113054449.0149,6.78843899576871,96649356300,18.4969210547127,382707351804.87
LCNATG,Antigua and Barbuda,Antigua and Barbuda,"Antigua and Barbuda, Latin America and Caribbean",,,216920185.185185,585684500,293519616.557734,40.4157043879908,608000000,16.0012424308664,911351740.740741
LCNBLZ,Belize,Belize,"Belize, Latin America and Caribbean",,,270032450,540064900,259115524.6163,6.51688626549252,395325600,15.4964325473435,1237350250
LCNBOL,Bolivia,Bolivia,"Bolivia, Latin America and Caribbean",,,5773469898.69754,39894677000,3892381456.74509,9.16744184752613,5101507000,17.4952582182004,22578642691.7511
LCNBRA,Brazil,Brazil,"Brazil, Latin America and Caribbean",3.72902975928992,38000000,355726351859.088,1183466000000,444584419236.08,-1.05996092284065,321402483100,19.7225531166029,1151515224383.06
LCNBRB,Barbados,Barbados,"Barbados, Latin America and Caribbean",,,641449150,1282898300,546400731.500216,2.34889862849008,166174900,14.5065165769596,3572793350
LCNCHL,Chile,Chile,"Chile, Latin America and Caribbean",8.78019333955778,,31969634991.5865,20912108716200,31556750111.2131,4.51578966077368,18507900857500,13.1823813051111,154206309712.026
LCNCOL,Colombia,Colombia,"Colombia, Latin America and Caribbean",11.2982227113464,,54278798178.287,148826000000000,64239855952.8403,4.95120988211406,93034000000000,18.6192625658066,183029102394.637
LCNCRI,Costa Rica,Costa Rica,"Costa Rica, Latin America and Caribbean",,,9588640749.932,5125759413400,6867372048.56805,2.2534074230595,4335626782800,17.4847239095549,
LCNCUB,Cuba,Cuba,"Cuba, Latin America and Caribbean",,,28062225863.846,28062225863.846,21918004007.3983,0.0432593990876313,12719500000,32.2062711904656,48554174136.154
LCNCUW,Curacao,Curacao,"Curacao, Latin America and Caribbean",,,,,,,,,
LCNCYM,Cayman Islands,Cayman Islands,"Cayman Islands, Latin America and Caribbean",,,,,,,,,
LCNDMA,Dominica,Dominica,"Dominica, Latin America and Caribbean",,,115442592.592593,311695000,,,,22.3198685390928,392073111.111111
LCNDOM,Dominican Republic,Dominican Republic,"Dominican Republic, Latin America and Caribbean",4.23317274627992,,7412611805.99178,333950763300,6024289320.51894,7.65577103955761,171113130900,10.8844740681876,47797820199.9037
LCNECU,Ecuador,Ecuador,"Ecuador, Latin America and Caribbean",,,14402697000,14402697000,12946914448.8801,0.597116652444214,10172307000,14.3772768243923,61864812000
LCNGRD,Grenada,Grenada,"Grenada, Latin America and Caribbean",,,127407407.407407,344000000,,,,12.9469326307866,860013178.148148
LCNGTM,Guatemala,Guatemala,"Guatemala, Latin America and Caribbean",,,6612678842.03376,50618734000,5334263083.95804,-0.131204619634431,26722335000,10.3699670883389,54196536776.5365
LCNGUY,Guyana,Guyana,"Guyana, Latin America and Caribbean",,,538876513.317191,111278000000,,,,16.950577697891,2516765133.17191
LCNHND,Honduras,Honduras,"Honduras, Latin America and Caribbean",6.87006058660874,,3025667373.352,66398800000,2969957709.35764,2.65543235113395,25561100000,14.5155564105703,16207662960.0812
LCNHTI,Haiti,Haiti,"Haiti, Latin America and Caribbean",,,876390888.253211,42555000000,805624916.635475,15.6493804497476,2520000000,10.0449906053196,7685776127.48702
LCNJAM,Jamaica,Jamaica,"Jamaica, Latin America and Caribbean",2.76349313087171,,1962811896.90806,229448000000,2026390680.91725,-0.38277032109248,119196000000,13.7625337918285,11516771943.992
LCNKNA,St. Kitts and Nevis,St. Kitts and Nevis,"St. Kitts and Nevis, Latin America and Caribbean",,,124007407.407407,334820000,,,,14.1483675352223,539173000
LCNLCA,St. Lucia,St. Lucia,"St. Lucia, Latin America and Caribbean",,,196588148.148148,530788000,,,,13.7365134305145,990059444.444445
LCNMEX,Mexico,Mexico,"Mexico, Latin America and Caribbean",,,143375766549.094,2272262161000,137151048332.842,2.29159966622336,1552490583000,12.4562243645741,766448049128.298
LCNNIC,Nicaragua,Nicaragua,"Nicaragua, Latin America and Caribbean",4.87006664078533,,975191188.987702,26580591200,863271598.021994,6.66343443671711,15663537400,7.64991340582728,9942575173.90156
LCNPAN,Panama,Panama,"Panama, Latin America and Caribbean",,,5406000000,5406000000,4407711023.59334,9.53841919696039,3668000000,10.3697728051258,27221289700
LCNPER,Peru,Peru,"Peru, Latin America and Caribbean",8.16762479174785,,24942218314.2821,79426000000,22233101821.9741,5.76808183217163,58421000000,13.1821478539551,123386823263.409
LCNPRI,Puerto Rico,Puerto Rico,"Puerto Rico, Latin America and Caribbean",,,,,,,,,
LCNPRY,Paraguay,Paraguay,"Paraguay, Latin America and Caribbean",6.60163925490852,,3486809523.85344,18148529758800,2996834473.72595,4.32249999675993,2730353140100,12.7803505135291,18985401196.0822
LCNSLV,El Salvador,El Salvador,"El Salvador, Latin America and Caribbean",4.64827243966451,,3142400000,3142400000,2650438954.60798,5.11569731081927,840400000,12.0618723692382,23488950000
LCNSUR,Suriname,Suriname,"Suriname, Latin America and Caribbean",,,842341463.406416,2878000000,823982116.906015,4.96734962337671,1715491804.34192,17.2655828184054,1626729819.0794
LCNTCA,Turks and Caicos Islands,Turks and Caicos Islands,"Turks and Caicos Islands, Latin America and Caribbean",,,,,,,,,
LCNTTO,Trinidad and Tobago,Trinidad and Tobago,"Trinidad and Tobago, Latin America and Caribbean",,,3854533148.24543,24581899699.6204,2884940829.07176,0.562265341783672,9386588489.87484,16.3609920328661,16501723589.3106
LCNURY,Uruguay,Uruguay,"Uruguay, Latin America and Caribbean",8.4039410486602,,7370931508.30302,201428393700,6146355770.16472,2.15021905620904,70989568700,13.8358099968444,35603930267.7898
LCNVCT,St. Vincent and the Grenadines,St. Vincent and the Grenadines,"St. Vincent and the Grenadines, Latin America and Caribbean",,,163803703.703704,442270000,,,,22.2051450747525,579775962.962963
LCNVIR,Virgin Islands (U.S.),Virgin Islands (U.S.),"Virgin Islands (U.S.), Latin America and Caribbean",,,,,,,,,
LICAFG,Afghanistan,Afghanistan,"Afghanistan, Low-income economies",,,2422842704.82507,150999552745.624,,,,12.2968298457315,21699533096.8044
LICBDI,Burundi,Burundi,"Burundi, Low-income economies",,,640106556.598006,1006193610000,673930407.921143,-3.00000000042819,679632410800,20.6664334663582,2667359932.9557
LICBEN,Benin,Benin,"Benin, Low-income economies",,,1410771333.81633,834400000000,1508368237.39238,12.3892325698043,672200000000,17.0157228215429,5686537903.91234
LICBFA,Burkina Faso,Burkina Faso,"Burkina Faso, Low-income economies",9.4774110481599,,2502738002.82188,1480243140400,3159728882.14713,10.332945718174,1037479757100,22.4485786263267,6599235987.01157
LICCAF,Central African Republic,Central African Republic,"Central African Republic, Low-income economies",,,121565746.526119,71900000000,81008598.7656212,8.50230597221133,53049609300,7.67568697799852,1589611319.64775
LICCOM,Comoros,Comoros,"Comoros, Low-income economies",,,,,,,,,
LICERI,Eritrea,Eritrea,"Eritrea, Low-income economies",,,,,,,,,
LICETH,Ethiopia,Ethiopia,"Ethiopia, Low-income economies",,,5810686856.79007,116995500000,,3.7927639254879,72946800000,9.01378857603043,45927314673.1147
LICGIN,Guinea,Guinea,"Guinea, Low-income economies",,,575912147.788008,4311000000000,1076702042.21862,2.49188594726537,3821000000000,8.59672562665762,6878736908.03469
LICGNB,Guinea-Bissau,Guinea-Bissau,"Guinea-Bissau, Low-income economies",,,115046865.201509,68044410900,128118738.353559,4.79677970772308,56682414300,10.886580274027,876246923.532778
LICHTI,Haiti,Haiti,"Haiti, Low-income economies",,,876390888.253211,42555000000,805624916.635475,15.6493804497476,2520000000,10.0449906053196,7685776127.48702
LICKHM,Cambodia,Cambodia,"Cambodia, Low-income economies",18.2176730088757,,974332893.122734,3963342626000,914192610.678337,4.38636299771424,2829967996900,5.39797983695337,13821976577.3042
LICLBR,Liberia,Liberia,"Liberia, Low-income economies",,,343000000,343000000,273585924.48406,5.20266897186225,106000000,16.8633235004916,3052200000
LICMDG,Madagascar,Madagascar,"Madagascar, Low-income economies",,,746505013.195292,2189878652200,692864036.173447,-19.5119115684117,38344655800,7.66538314029217,8365461533.6183
LICMLI,Mali,Mali,"Mali, Low-income economies",19.2249497855044,,2121097406.28743,1254522000400,1882652000.97758,8.10725485077468,611294825400,16.6403794165487,9273830111.95377
LICMOZ,Mozambique,Mozambique,"Mozambique, Low-income economies",,,3946897861.56443,157806843750,3317246354.89318,11.8228777536168,106748539062.5,26.671112407344,10029882580.5603
LICMWI,Malawi,Malawi,"Malawi, Low-income economies",3.72260048553575,,887916435.067824,443609000000,1111122066.65685,13.7826056380837,169690000000,13.9320321573421,5027832893.35391
LICNER,Niger,Niger,"Niger, Low-income economies",,,1191332480.62599,704613000000,1169182583.54283,15.3888688492368,534217000000,16.6784347745814,4768243104.44087
LICNPL,Nepal,Nepal,"Nepal, Low-income economies",9.64758262201608,,2337258154.39449,232532177700,2309609478.74277,7.41696496471313,84089285200,10.9660671291019,17102482843.8837
LICRWA,Rwanda,Rwanda,"Rwanda, Low-income economies",7.66126998169894,,1212247135.85809,874000000000,1252388336.86942,5.09708737864077,866000000000,14.6742780389523,6577203567.77925
LICSLE,Sierra Leone,Sierra Leone,"Sierra Leone, Low-income economies",,,435627662.529551,2211246015000,316170402.221683,24.357318317169,762390529100,10.2457718221458,4353179388.55398
LICSOM,Somalia,Somalia,"Somalia, Low-income economies",,,408000000,9076776000000,,,,6.88607594936709,
LICSSD,South Sudan,South Sudan,"South Sudan, Low-income economies",,,3227316471.02081,13197465244.9454,2538502621.09711,0.367054714784572,5523299388.00931,35.798528250906,9084902216.9516
LICTCD,Chad,Chad,"Chad, Low-income economies",,,563180768.941389,333092984200,449279357.497288,-55.3483099629871,187338800000,5.1721114034462,8025615781.05992
LICTGO,Togo,Togo,"Togo, Low-income economies",6.59435517267112,,650030983.203131,384460500000,694862965.870121,15.3142030204518,249535195000,15.9023996146302,3627720287.19274
LICTZA,Tanzania,Tanzania,"Tanzania, Low-income economies",7.33936882825672,,6250664987.43843,12447518000000,6226653075.21808,-3.78717528888205,6576034000000,13.6991126300507,28813450497.6672
LICUGA,Uganda,Uganda,"Uganda, Low-income economies",14.7043259622702,,2517333463.96829,7118332055800,2621116403.90199,15.4848435074837,5317934057000,9.03682910861113,21697075423.6503
LICZWE,Zimbabwe,Zimbabwe,"Zimbabwe, Low-income economies",,,3768540600,3768540600,4370032331.62129,13.0742684923321,3442530500,23.4473086942032,12952887200
LIE,Liechtenstein,Liechtenstein,Liechtenstein,,,,,,,,,
LKA,Sri Lanka,Sri Lanka,Sri Lanka,14.1399263360036,,7248472473.6101,984755000000,5823154040.39287,10.2357775031896,658392000000,8.99180446497095,56508951698.4415
LMCARM,Armenia,Armenia,"Armenia, Lower-middle-income economies",16.9041747961036,,1381202603.03906,660102000000,1351039499.98444,4.49999996114592,160028205800,13.1178522478438,8240328315.53008
LMCBGD,Bangladesh,Bangladesh,"Bangladesh, Lower-middle-income economies",16.2145786934587,,10542515076.5319,819176000000,7990181109.32651,8.75157051386961,431921000000,5.40424073800658,142644794110.612
LMCBOL,Bolivia,Bolivia,"Bolivia, Lower-middle-income economies",,,5773469898.69754,39894677000,3892381456.74509,9.16744184752613,5101507000,17.4952582182004,22578642691.7511
LMCBTN,Bhutan,Bhutan,"Bhutan, Lower-middle-income economies",,,365780280.864635,23465500000,332090748.397563,10.8013625756614,9914240000,17.7740325894506,1138411177.22156
LMCCIV,Cote d'Ivoire,Cote d'Ivoire,"Cote d'Ivoire, Lower-middle-income economies",,,4706436382.10419,2782445189100,4282626207.87325,27.6912473158939,2131090677600,14.3364272052488,20342370447.9026
LMCCMR,Cameroon,Cameroon,"Cameroon, Lower-middle-income economies",,,3350581917.81378,1981700000000,3649624114.44459,4.83963183151678,1331100000000,11.7912010757679,22230469380.7333
LMCCPV,Cabo Verde,Cabo Verde,"Cabo Verde, Lower-middle-income economies",,,,,,,,,
LMCDJI,Djibouti,Djibouti,"Djibouti, Lower-middle-income economies",,,,,,,,,
LMCGEO,Georgia,Georgia,"Georgia, Lower-middle-income economies",9.26443722066117,,2498203587.00921,5669173400,,6.59063399380015,2389165000,17.8525404228796,9540177323.40369
LMCGHA,Ghana,Ghana,"Ghana, Lower-middle-income economies",,,7192953702.95208,26582999000,5805251382.22499,4.26676935258273,5780982400,19.1590562814867,25439551343.4532
LMCGTM,Guatemala,Guatemala,"Guatemala, Lower-middle-income economies",,,6612678842.03376,50618734000,5334263083.95804,-0.131204619634431,26722335000,10.3699670883389,54196536776.5365
LMCGUY,Guyana,Guyana,"Guyana, Lower-middle-income economies",,,538876513.317191,111278000000,,,,16.950577697891,2516765133.17191
LMCHND,Honduras,Honduras,"Honduras, Lower-middle-income economies",6.87006058660874,,3025667373.352,66398800000,2969957709.35764,2.65543235113395,25561100000,14.5155564105703,16207662960.0812
LMCIDN,Indonesia,Indonesia,"Indonesia, Lower-middle-income economies",6.11934329288896,,84007571678.3736,1.12481206392809E+15,85301474642.6818,5.31646724534163,775427365630940,9.75407282091785,479224433580.585
LMCIND,India,India,"India, Lower-middle-income economies",,42000000,217851467798.54,14114596598667.4,225828379767.117,3.33653609036206,11097249778300.3,10.3161526936498,1247860728485
LMCKEN,Kenya,Kenya,"Kenya, Lower-middle-income economies",6.07407578457702,,9114486571.49376,894853000000,7686708964.20141,13.0263893578977,612516000000,14.2933013621917,47946927658.8116
LMCKIR,Kiribati,Kiribati,"Kiribati, Lower-middle-income economies",,,,,,,,,
LMCLKA,Sri Lanka,Sri Lanka,"Sri Lanka, Lower-middle-income economies",14.1399263360036,,7248472473.6101,984755000000,5823154040.39287,10.2357775031896,658392000000,8.99180446497095,56508951698.4415
LMCLSO,Lesotho,Lesotho,"Lesotho, Lower-middle-income economies",,,825071126.821278,10527000000,1099078110.40488,-0.360807306347951,8837000000,35.3320028584229,1928811898.95011
LMCMAR,Morocco,Morocco,"Morocco, Lower-middle-income economies",,,19327550362.0331,188720000000,20275011036.2654,1.88750066342271,162201977700,19.2135594462765,58680499370.1545
LMCMDA,Moldova,Moldova,"Moldova, Lower-middle-income economies",1.04350085154288,,1336622206.8709,25153225000,1160950579.43387,3.02864479586719,2713641700,20.5226903714824,5721745038.12737
LMCMMR,Myanmar,Myanmar,"Myanmar, Lower-middle-income economies",,,,,,,,,
LMCMRT,Mauritania,Mauritania,"Mauritania, Lower-middle-income economies",,,1094726457.19773,354570374780.058,1048773509.68974,-1.37341967783615,190672026601.433,22.5985950721296,2799450444.49939
LMCNGA,Nigeria,Nigeria,"Nigeria, Lower-middle-income economies",,,28552041344.9753,5648950000000,24228020332.9386,-11.897290416031,3641423000000,5.93515905756837,377325285131.225
LMCNIC,Nicaragua,Nicaragua,"Nicaragua, Lower-middle-income economies",4.87006664078533,,975191188.987702,26580591200,863271598.021994,6.66343443671711,15663537400,7.64991340582728,9942575173.90156
LMCPAK,Pakistan,Pakistan,"Pakistan, Lower-middle-income economies",,,29686863797.2867,3011195000000,23739818896.2564,8.13148681668949,1220931000000,10.9525461020136,216846307719.761
LMCPHL,Philippines,Philippines,"Philippines, Lower-middle-income economies",8.07660420451486,,31993263462.361,1455783068675.12,26677221415.937,7.55255920140763,783955445392.976,10.927627672696,215940164227.61
LMCPNG,Papua New Guinea,Papua New Guinea,"Papua New Guinea, Lower-middle-income economies",2.25241181017297,,,,,,,,
LMCPSE,West Bank and Gaza,West Bank and Gaza,"West Bank and Gaza, Lower-middle-income economies",,,3429500000,3429500000,2997083439.27735,5.84035061801352,2149300000,27.0614692653673,11765600000
LMCSDN,Sudan,Sudan,"Sudan, Lower-middle-income economies",,,4449048983.33333,26694293900,8293238826.9246,-9.0938190675846,3068001700,4.57927819910593,79276510000
LMCSEN,Senegal,Senegal,"Senegal, Lower-middle-income economies",6.72564206354379,,2238326766.59058,1323858366100,2296285326.53886,4.60075384395783,717339334300,16.4462187523154,10446168212.6976
LMCSLB,Solomon Islands,Solomon Islands,"Solomon Islands, Lower-middle-income economies",,,,,,,,,
LMCSLV,El Salvador,El Salvador,"El Salvador, Lower-middle-income economies",4.64827243966451,,3142400000,3142400000,2650438954.60798,5.11569731081927,840400000,12.0618723692382,23488950000
LMCSTP,Sao Tome and Principe,Sao Tome and Principe,"Sao Tome and Principe, Lower-middle-income economies",,,,,,,,,
LMCSWZ,Swaziland,Swaziland,"Swaziland, Lower-middle-income economies",,,818000082.295496,10436781250,1095887107.47102,9.40252680040064,8518192382.8125,19.7697318767444,2870200588.9945
LMCTJK,Tajikistan,Tajikistan,"Tajikistan, Lower-middle-income economies",,,1161283477.47075,7157106200,,,,14.7869206803081,
LMCTLS,Timor-Leste,Timor-Leste,"Timor-Leste, Lower-middle-income economies",3.17139200972713,,,,,,,,
LMCUKR,Ukraine,Ukraine,"Ukraine, Lower-middle-income economies",10.632569953119,347000000,17226833053.3264,376315000000,27295730631.5843,-0.412404312544538,216608000000,18.9241475169772,61016997257.9161
LMCUZB,Uzbekistan,Uzbekistan,"Uzbekistan, Lower-middle-income economies",,34000000,10570801054.5212,27145711400000,,,,15.8,41476406734.8393
LMCVNM,Vietnam,Vietnam,"Vietnam, Lower-middle-income economies",,,12238468667.0522,265545000000000,9792661888.3971,6.96011388890159,182270000000000,6.3332635321649,125991113568.201
LMCVUT,Vanuatu,Vanuatu,"Vanuatu, Lower-middle-income economies",,,,,,,,,
LMCWSM,Samoa,Samoa,"Samoa, Lower-middle-income economies",,,,,,,,,
LMCXKX,Kosovo,Kosovo,"Kosovo, Lower-middle-income economies",,,991349672.840191,893900000,921010250.693943,-6.4914249078378,583400000,15.3924303474877,5554951757.79084
LMCZMB,Zambia,Zambia,"Zambia, Lower-middle-income economies",,,3126743340.98538,27104800000,,,,14.7805853493081,11098457669.5468
LSO,Lesotho,Lesotho,Lesotho,,,825071126.821278,10527000000,1099078110.40488,-0.360807306347951,8837000000,35.3320028584229,1928811898.95011
LTU,Lithuania,Lithuania,Lithuania,11.8502920904367,,7278328591.17181,6562570200,7579896911.98816,0.938297326800324,5723162900,17.5796451804162,26158116653.1825
LUX,Luxembourg,Luxembourg,Luxembourg,1.24325180071635,,9585870454.02058,8643186000,10230208121.5742,2.35887711263594,7724267000,16.5136273756767,17366809033.3137
LVA,Latvia,Latvia,Latvia,2.46465919703269,,4873840539.44373,4394542000,4822214876.61707,3.05491816293934,3640989000,18.0338701940626,16485080981.11
MAR,Morocco,Morocco,Morocco,,,19327550362.0331,188720000000,20275011036.2654,1.88750066342271,162201977700,19.2135594462765,58680499370.1545
MCO,Monaco,Monaco,Monaco,,,,,,,,,
MDA,Moldova,Moldova,Moldova,1.04350085154288,,1336622206.8709,25153225000,1160950579.43387,3.02864479586719,2713641700,20.5226903714824,5721745038.12737
MDG,Madagascar,Madagascar,Madagascar,,,746505013.195292,2189878652200,692864036.173447,-19.5119115684117,38344655800,7.66538314029217,8365461533.6183
MDV,Maldives,Maldives,Maldives,,,,,,,,,
MEAARE,United Arab Emirates,United Arab Emirates,"United Arab Emirates, Middle East and North Africa",,63000000,48741184479.2376,179002000000,44574070724.5285,-0.272595690075946,163698274735.831,13.6167882235731,204447438132.148
MEABHR,Bahrain,Bahrain,"Bahrain, Middle East and North Africa",,,5492021276.59575,2065000000,4903862978.7234,0.326441784548422,1844000000,17.6445658155122,14024787234.0426
MEADJI,Djibouti,Djibouti,"Djibouti, Middle East and North Africa",,,,,,,,,
MEADZA,Algeria,Algeria,"Algeria, Middle East and North Africa",,,34231040849.5661,3446771426600,31572853120.7197,-1.13000024210091,991963370000,20.7738508484578,68068894197.5184
MEAIRQ,Iraq,Iraq,"Iraq, Middle East and North Africa",,,40059766991.9979,46763100000000,,,,22.3,106548229541.64
MEAISR,Israel,Israel,"Israel, Middle East and North Africa",15.2065812963136,694000000,66888442935.0623,259982000000,61990639208.3444,3.2772203111912,259982000000,22.3396567531873,163764536379.541
MEAJOR,Jordan,Jordan,"Jordan, Middle East and North Africa",16.2867281760114,18000000,7012737746.47888,4979043800,5603859881.89509,3.63640602677657,1933620600,18.6919557981894,30054532112.6761
MEAKWT,Kuwait,Kuwait,"Kuwait, Middle East and North Africa",9.24007028896575,,28005982053.8385,8427000000,25411723656.6643,-0.478272752118073,7283000000,24.5577735684103,47125290794.2838
MEALBN,Lebanon,Lebanon,"Lebanon, Middle East and North Africa",19.5879934449212,,6507440898.64013,9809967154700,6555977407.76119,-0.29460315711043,9883135942200,13.8207113205811,31355870895.9204
MEALBY,Libya,Libya,"Libya, Middle East and North Africa",,,,,,,,,
MEAMAR,Morocco,Morocco,"Morocco, Middle East and North Africa",,,19327550362.0331,188720000000,20275011036.2654,1.88750066342271,162201977700,19.2135594462765,58680499370.1545
MEAMLT,Malta,Malta,"Malta, Middle East and North Africa",1.30854627387211,5000000,1874516111.71121,1690251177.93,2054710139.01422,3.82441763268824,1551306154.95574,18.2221719870141,5159095926.40812
MEAOMN,Oman,Oman,"Oman, Middle East and North Africa",,,19164609319.4536,7368792283.3299,17462909265.1093,0.799999999999869,6714488612.43452,27.4439686209268,23113199098.5142
MEAPSE,West Bank and Gaza,West Bank and Gaza,"West Bank and Gaza, Middle East and North Africa",,,3429500000,3429500000,2997083439.27735,5.84035061801352,2149300000,27.0614692653673,11765600000
MEAQAT,Qatar,Qatar,"Qatar, Middle East and North Africa",,,32546703296.7033,118470000000,29230064027.1125,1.13150594106048,115923000000,19.7682276675093,36176098901.0989
MEASAU,Saudi Arabia,Saudi Arabia,"Saudi Arabia, Middle East and North Africa",,,196303733333.333,736139000000,164476110819.401,-1.75118703034747,616785415572.755,30.0034790637042,263681841632.429
MEATUN,Tunisia,Tunisia,"Tunisia, Middle East and North Africa",,,8438901101.14192,16553748400,,,,19.5541348516349,30669529669.6574
MEX,Mexico,Mexico,Mexico,,,143375766549.094,2272262161000,137151048332.842,2.29159966622336,1552490583000,12.4562243645741,766448049128.298
MHL,Marshall Islands,Marshall Islands,Marshall Islands,,,,,,,,,
MLI,Mali,Mali,Mali,19.2249497855044,,2121097406.28743,1254522000400,1882652000.97758,8.10725485077468,611294825400,16.6403794165487,9273830111.95377
MLT,Malta,Malta,Malta,1.30854627387211,5000000,1874516111.71121,1690251177.93,2054710139.01422,3.82441763268824,1551306154.95574,18.2221719870141,5159095926.40812
MMR,Myanmar,Myanmar,Myanmar,,,,,,,,,
MNE,Montenegro,Montenegro,Montenegro,,,777992680.492403,701516000,982572103.342869,1.9101738424293,320891800,19.3535856700105,3184942885.66042
MNG,Mongolia,Mongolia,Mongolia,,,1589657959.72531,3132117702900,1561614116.19288,-4.70602651680977,2119210611300,13.5389837669656,6861701981.29309
MNP,Northern Mariana Islands,Northern Mariana Islands,Northern Mariana Islands,,,,,,,,,
MOZ,Mozambique,Mozambique,Mozambique,,,3946897861.56443,157806843750,3317246354.89318,11.8228777536168,106748539062.5,26.671112407344,10029882580.5603
MRT,Mauritania,Mauritania,Mauritania,,,1094726457.19773,354570374780.058,1048773509.68974,-1.37341967783615,190672026601.433,22.5985950721296,2799450444.49939
MUS,Mauritius,Mauritius,Mauritius,,,1731081362.4785,60686000000,1578720306.90599,1.83189823364269,37573182800,14.8186675262012,8988239052.73457
MWI,Malawi,Malawi,Malawi,3.72260048553575,,887916435.067824,443609000000,1111122066.65685,13.7826056380837,169690000000,13.9320321573421,5027832893.35391
MYS,Malaysia,Malaysia,Malaysia,8.22207976810948,,38916399948.7902,151988000000,44471453851.1688,4.35647315086656,143247000000,13.134865970579,160361285366.79
NAC,North America,North America,North America,13.5434671152359,10541000000,2932334714756.59,,2758302768069.19,1.61880246653109,,15.0403219118018,13180274903529.8
NACBMU,Bermuda,Bermuda,"Bermuda, North America",,,,,,,,,
NACCAN,Canada,Canada,"Canada, North America",5.74492135727607,357000000,326581727191.86,417730000000,359784943246.815,1.47238611045654,370637058400,21.0316922877082,893320991231.52
NAM,Namibia,Namibia,Namibia,12.5289491164403,,3107443055.43581,39647555200,3812911886.02961,9.44512009766353,27915090500,27.0412136481647,7191153986.62894
NCL,New Caledonia,New Caledonia,New Caledonia,,,,,,,,,
NER,Niger,Niger,Niger,,,1191332480.62599,704613000000,1169182583.54283,15.3888688492368,534217000000,16.6784347745814,4768243104.44087
NGA,Nigeria,Nigeria,Nigeria,,,28552041344.9753,5648950000000,24228020332.9386,-11.897290416031,3641423000000,5.93515905756837,377325285131.225
NIC,Nicaragua,Nicaragua,Nicaragua,4.87006664078533,,975191188.987702,26580591200,863271598.021994,6.66343443671711,15663537400,7.64991340582728,9942575173.90156
NLD,Netherlands,Netherlands,Netherlands,2.81949164159506,474000000,190074082653.197,171382000000,218885275723.59,0.237810044917325,165268222500,25.332468135237,334759607391.431
NOCABW,Aruba,Aruba,"Aruba, High-income economies",,,,,,,,,
NOCAND,Andorra,Andorra,"Andorra, High-income economies",,,,,,,,,
NOCARE,United Arab Emirates,United Arab Emirates,"United Arab Emirates, High-income economies",,63000000,48741184479.2376,179002000000,44574070724.5285,-0.272595690075946,163698274735.831,13.6167882235731,204447438132.148
NOCARG,Argentina,Argentina,"Argentina, High-income economies",3.39937312285214,,108153621846.221,1082812431200,80113054449.0149,6.78843899576871,96649356300,18.4969210547127,382707351804.87
NOCATG,Antigua and Barbuda,Antigua and Barbuda,"Antigua and Barbuda, High-income economies",,,216920185.185185,585684500,293519616.557734,40.4157043879908,608000000,16.0012424308664,911351740.740741
NOCBHR,Bahrain,Bahrain,"Bahrain, High-income economies",,,5492021276.59575,2065000000,4903862978.7234,0.326441784548422,1844000000,17.6445658155122,14024787234.0426
NOCBMU,Bermuda,Bermuda,"Bermuda, High-income economies",,,,,,,,,
NOCBRB,Barbados,Barbados,"Barbados, High-income economies",,,641449150,1282898300,546400731.500216,2.34889862849008,166174900,14.5065165769596,3572793350
NOCBRN,Brunei Darussalam,Brunei Darussalam,"Brunei Darussalam, High-income economies",,,3240235653.50207,4455000000,3266593325.99927,-3.5930735930736,4454000000,25.059061761728,2608189686.52266
NOCCHI,Channel Islands,Channel Islands,"Channel Islands, High-income economies",,,,,,,,,
NOCCUW,Curacao,Curacao,"Curacao, High-income economies",,,,,,,,,
NOCCYM,Cayman Islands,Cayman Islands,"Cayman Islands, High-income economies",,,,,,,,,
NOCCYP,Cyprus,Cyprus,"Cyprus, High-income economies",4.32852646219164,,3074414993.90041,2772200000,3960895325.71236,-0.599328141701022,2603900000,15.7179144081827,13590551181.1024
NOCFRO,Faroe Islands,Faroe Islands,"Faroe Islands, High-income economies",,,,,,,,,
NOCGNQ,Equatorial Guinea,Equatorial Guinea,"Equatorial Guinea, High-income economies",,,2471509401.9016,1461773000000,2621549846.30882,-4.74459913088207,1004242693100,20.3213743562103,5271241655.96556
NOCGRL,Greenland,Greenland,"Greenland, High-income economies",,,1098411094.10069,7390000000,1205757365.62294,-1.88097752955305,6781300000,49.4694915821535,970659492.560829
NOCGUM,Guam,Guam,"Guam, High-income economies",,,,,,,,,
NOCHRV,Croatia,Croatia,"Croatia, High-income economies",,,9588228846.79877,65758949900,11760296616.9516,-0.286392448824714,64658110800,19.6979269453822,28600810681.9474
NOCIMN,Isle of Man,Isle of Man,"Isle of Man, High-income economies",,,,,,,,,
NOCKNA,St. Kitts and Nevis,St. Kitts and Nevis,"St. Kitts and Nevis, High-income economies",,,124007407.407407,334820000,,,,14.1483675352223,539173000
NOCKWT,Kuwait,Kuwait,"Kuwait, High-income economies",9.24007028896575,,28005982053.8385,8427000000,25411723656.6643,-0.478272752118073,7283000000,24.5577735684103,47125290794.2838
NOCLIE,Liechtenstein,Liechtenstein,"Liechtenstein, High-income economies",,,,,,,,,
NOCLTU,Lithuania,Lithuania,"Lithuania, High-income economies",11.8502920904367,,7278328591.17181,6562570200,7579896911.98816,0.938297326800324,5723162900,17.5796451804162,26158116653.1825
NOCLVA,Latvia,Latvia,"Latvia, High-income economies",2.46465919703269,,4873840539.44373,4394542000,4822214876.61707,3.05491816293934,3640989000,18.0338701940626,16485080981.11
NOCMCO,Monaco,Monaco,"Monaco, High-income economies",,,,,,,,,
NOCMLT,Malta,Malta,"Malta, High-income economies",1.30854627387211,5000000,1874516111.71121,1690251177.93,2054710139.01422,3.82441763268824,1551306154.95574,18.2221719870141,5159095926.40812
NOCMNP,Northern Mariana Islands,Northern Mariana Islands,"Northern Mariana Islands, High-income economies",,,,,,,,,
NOCNCL,New Caledonia,New Caledonia,"New Caledonia, High-income economies",,,,,,,,,
NOCOMN,Oman,Oman,"Oman, High-income economies",,,19164609319.4536,7368792283.3299,17462909265.1093,0.799999999999869,6714488612.43452,27.4439686209268,23113199098.5142
NOCPRI,Puerto Rico,Puerto Rico,"Puerto Rico, High-income economies",,,,,,,,,
NOCPYF,French Polynesia,French Polynesia,"French Polynesia, High-income economies",,,,,,,,,
NOCQAT,Qatar,Qatar,"Qatar, High-income economies",,,32546703296.7033,118470000000,29230064027.1125,1.13150594106048,115923000000,19.7682276675093,36176098901.0989
NOCSAU,Saudi Arabia,Saudi Arabia,"Saudi Arabia, High-income economies",,,196303733333.333,736139000000,164476110819.401,-1.75118703034747,616785415572.755,30.0034790637042,263681841632.429
NOCSGP,Singapore,Singapore,"Singapore, High-income economies",19.1521330689827,48000000,31564300261.8563,43394600000,27952988632.1966,7.98301233560552,38113900000,10.6334137554687,108869653767.821
NOCSMR,San Marino,San Marino,"San Marino, High-income economies",,,,,,,,,
NOCSYC,Seychelles,Seychelles,"Seychelles, High-income economies",4.33958464370784,,377807113.604656,5037000000,,,,26.2781719532554,
NOCTCA,Turks and Caicos Islands,Turks and Caicos Islands,"Turks and Caicos Islands, High-income economies",,,,,,,,,
NOCTTO,Trinidad and Tobago,Trinidad and Tobago,"Trinidad and Tobago, High-income economies",,,3854533148.24543,24581899699.6204,2884940829.07176,0.562265341783672,9386588489.87484,16.3609920328661,16501723589.3106
NOCURY,Uruguay,Uruguay,"Uruguay, High-income economies",8.4039410486602,,7370931508.30302,201428393700,6146355770.16472,2.15021905620904,70989568700,13.8358099968444,35603930267.7898
NOCVIR,Virgin Islands (U.S.),Virgin Islands (U.S.),"Virgin Islands (U.S.), High-income economies",,,,,,,,,
NOR,Norway,Norway,Norway,3.87772922875411,240000000,90188116151.6999,727292000000,99698164632.5658,2.0804670611176,602592323400,23.3298357975937,166329027591.196
NPL,Nepal,Nepal,Nepal,9.64758262201608,,2337258154.39449,232532177700,2309609478.74277,7.41696496471313,84089285200,10.9660671291019,17102482843.8837
NZL,New Zealand,New Zealand,New Zealand,3.44873238391012,1000000,32736972401.8899,46944000000,31397906673.6032,2.66708421722095,43575077000,18.6467001648428,101539427116.93
OECAUS,Australia,Australia,"Australia, High-income OECD members",7.36669682549549,83000000,244110158915.051,293396000000,230704791181.118,2.3023574494496,293396000000,18.144285523458,761005907313.42
OECAUT,Austria,Austria,"Austria, High-income OECD members",1.43660421054721,9000000,75101887610.2966,67716290000,82534344260.9215,2.07064523499683,62317140000,19.9226475248138,198142310563.623
OECBEL,Belgium,Belgium,"Belgium, High-income OECD members",2.20724671074969,11000000,108756197378.109,98061000000,119228295431.624,0.323820833574317,90022722600,23.9029170231592,233074819793.794
OECCAN,Canada,Canada,"Canada, High-income OECD members",5.74492135727607,357000000,326581727191.86,417730000000,359784943246.815,1.47238611045654,370637058400,21.0316922877082,893320991231.52
OECCHE,Switzerland,Switzerland,"Switzerland, High-income OECD members",3.86819534832932,437000000,75970899135.8041,73112974800,68530561026.6703,2.15119198626988,71470909000,11.3255873221877,361741686553.612
OECCHL,Chile,Chile,"Chile, High-income OECD members",8.78019333955778,,31969634991.5865,20912108716200,31556750111.2131,4.51578966077368,18507900857500,13.1823813051111,154206309712.026
OECCZE,Czech Republic,Czech Republic,"Czech Republic, High-income OECD members",2.87696974239547,138000000,36167366227.9587,889672000000,42925398923.9852,1.95198631022852,819800000000,19.5334183020958,86984541897.4541
OECDEU,Germany,Germany,"Germany, High-income OECD members",4.1919866600029,1792000000,647362278679.622,583700000000,701410159228.678,2.74693854705357,529596200000,19.2461141775641,1814404414083.63
OECDNK,Denmark,Denmark,"Denmark, High-income OECD members",2.7419315758868,25000000,77408473847.6759,520797000000,89744891382.1384,0.595322325085462,504732000000,25.6908272661754,142074946037.24
OECESP,Spain,Spain,"Spain, High-income OECD members",6.06233850420002,1151000000,231228223607.394,208489000000,277619232401.44,1.97365220521701,209615000000,19.3828040820387,693205553973.818
OECEST,Estonia,Estonia,"Estonia, High-income OECD members",,0,4553615917.62616,4105808600,4434757283.22607,3.43858006558773,3348441100,20.2739115356058,11417156528.075
OECFIN,Finland,Finland,"Finland, High-income OECD members",3.23574730354391,23000000,56657785452.505,51086000000,59826901538.7155,0.0775417063606341,45172000000,24.3834452606307,127276503514.26
OECFRA,France,France,"France, High-income OECD members",4.69631405882674,2080000000,578734335485.488,521821000000,673900273962.563,1.40824579130619,508825000000,23.7813678794919,1347204488256.69
OECGBR,United Kingdom,United Kingdom,"United Kingdom, High-income OECD members",4.87515245546641,1139000000,554337340458.528,362839000000,553618384699.657,1.30652423541262,358290383900,19.3750353764643,1860732430675.91
OECGRC,Greece,Greece,"Greece, High-income OECD members",4.75452113771753,,39195831354.7605,35341272600,53620052015.8501,0.0408129346703134,40485549600,20.1148484043459,136230442912.038
OECHUN,Hungary,Hungary,"Hungary, High-income OECD members",2.14663499431963,,24385665828.3587,6811709000000,30549979158.508,0.960882620163389,6352689957800,20.0350204294172,60054000161.0983
OECIRL,Ireland,Ireland,"Ireland, High-income OECD members",1.26770879192006,,35602648746.0028,32101447300,41524678388.1843,0.269556995309287,31352998800,12.5486923210313,96605448740.2239
OECISL,Iceland,Iceland,"Iceland, High-income OECD members",,,3961803494.09389,522636000000,3322883578.01129,0.972531604599112,406195307000,23.6050451518143,8356441729.21072
OECISR,Israel,Israel,"Israel, High-income OECD members",15.2065812963136,694000000,66888442935.0623,259982000000,61990639208.3444,3.2772203111912,259982000000,22.3396567531873,163764536379.541
OECITA,Italy,Italy,"Italy, High-income OECD members",3.24325175968717,692000000,345628461821.893,311639000000,412839845996.608,-0.73529660506469,311712641700,18.9395606087417,1110191199983.05
OECJPN,Japan,Japan,"Japan, High-income OECD members",5.43806283289048,,870223039962.178,105335300000000,1194421268377.29,1.6493733605101,104846149635500,19.8541613419554,2479111201930.54
OECLUX,Luxembourg,Luxembourg,"Luxembourg, High-income OECD members",1.24325180071635,,9585870454.02058,8643186000,10230208121.5742,2.35887711263594,7724267000,16.5136273756767,17366809033.3137
OECNLD,Netherlands,Netherlands,"Netherlands, High-income OECD members",2.81949164159506,474000000,190074082653.197,171382000000,218885275723.59,0.237810044917325,165268222500,25.332468135237,334759607391.431
OECNOR,Norway,Norway,"Norway, High-income OECD members",3.87772922875411,240000000,90188116151.6999,727292000000,99698164632.5658,2.0804670611176,602592323400,23.3298357975937,166329027591.196
OECNZL,New Zealand,New Zealand,"New Zealand, High-income OECD members",3.44873238391012,1000000,32736972401.8899,46944000000,31397906673.6032,2.66708421722095,43575077000,18.6467001648428,101539427116.93
OECPOL,Poland,Poland,"Poland, High-income OECD members",6.25376102755258,11000000,85906353627.8021,323824000000,97994021490.399,2.37192531939002,295481373000,17.9970110947407,278945748773.047
OECPRT,Portugal,Portugal,"Portugal, High-income OECD members",4.01557753590013,7000000,36166679850.4841,32610011000,45136635785.9695,0.74169270591949,34080189000,18.1666986176133,130670899988.098
OECSVN,Slovenia,Slovenia,"Slovenia, High-income OECD members",2.22381802511697,,7989241505.33305,7203571200,9371183902.82974,2.450353135253,7075665100,18.6766122660497,22304967017.0098
OECSWE,Sweden,Sweden,"Sweden, High-income OECD members",3.38983303740619,185000000,128794368674.611,1086360000000,132167576267.81,2.53031992526036,952601000000,25.9826175054764,223379318854.96
OMN,Oman,Oman,Oman,,,19164609319.4536,7368792283.3299,17462909265.1093,0.799999999999869,6714488612.43452,27.4439686209268,23113199098.5142
PAK,Pakistan,Pakistan,Pakistan,,,29686863797.2867,3011195000000,23739818896.2564,8.13148681668949,1220931000000,10.9525461020136,216846307719.761
PAN,Panama,Panama,Panama,,,5406000000,5406000000,4407711023.59334,9.53841919696039,3668000000,10.3697728051258,27221289700
PER,Peru,Peru,Peru,8.16762479174785,,24942218314.2821,79426000000,22233101821.9741,5.76808183217163,58421000000,13.1821478539551,123386823263.409
PHL,Philippines,Philippines,Philippines,8.07660420451486,,31993263462.361,1455783068675.12,26677221415.937,7.55255920140763,783955445392.976,10.927627672696,215940164227.61
PLW,Palau,Palau,Palau,,,,,,,,,
PNG,Papua New Guinea,Papua New Guinea,Papua New Guinea,2.25241181017297,,,,,,,,
POL,Poland,Poland,Poland,6.25376102755258,11000000,85906353627.8021,323824000000,97994021490.399,2.37192531939002,295481373000,17.9970110947407,278945748773.047
PRI,Puerto Rico,Puerto Rico,Puerto Rico,,,,,,,,,
PRT,Portugal,Portugal,Portugal,4.01557753590013,7000000,36166679850.4841,32610011000,45136635785.9695,0.74169270591949,34080189000,18.1666986176133,130670899988.098
PRY,Paraguay,Paraguay,Paraguay,6.60163925490852,,3486809523.85344,18148529758800,2996834473.72595,4.32249999675993,2730353140100,12.7803505135291,18985401196.0822
PSE,West Bank and Gaza,West Bank and Gaza,West Bank and Gaza,,,3429500000,3429500000,2997083439.27735,5.84035061801352,2149300000,27.0614692653673,11765600000
PYF,French Polynesia,French Polynesia,French Polynesia,,,,,,,,,
QAT,Qatar,Qatar,Qatar,,,32546703296.7033,118470000000,29230064027.1125,1.13150594106048,115923000000,19.7682276675093,36176098901.0989
ROU,Romania,Romania,Romania,4.43946637073087,,24337868537.3343,97490200000,25960896476.5101,0.141692138251926,48554100000,13.7097215353,109962628254.737
RWA,Rwanda,Rwanda,Rwanda,7.66126998169894,,1212247135.85809,874000000000,1252388336.86942,5.09708737864077,866000000000,14.6742780389523,6577203567.77925
SAS,South Asia,South Asia,South Asia,,42000000,270729760650.153,,269119416143.304,4.08979930168623,,10.0684645121769,1705530871862.7
SASAFG,Afghanistan,Afghanistan,"Afghanistan, South Asia",,,2422842704.82507,150999552745.624,,,,12.2968298457315,21699533096.8044
SASBGD,Bangladesh,Bangladesh,"Bangladesh, South Asia",16.2145786934587,,10542515076.5319,819176000000,7990181109.32651,8.75157051386961,431921000000,5.40424073800658,142644794110.612
SASBTN,Bhutan,Bhutan,"Bhutan, South Asia",,,365780280.864635,23465500000,332090748.397563,10.8013625756614,9914240000,17.7740325894506,1138411177.22156
SASIND,India,India,"India, South Asia",,42000000,217851467798.54,14114596598667.4,225828379767.117,3.33653609036206,11097249778300.3,10.3161526936498,1247860728485
SASLKA,Sri Lanka,Sri Lanka,"Sri Lanka, South Asia",14.1399263360036,,7248472473.6101,984755000000,5823154040.39287,10.2357775031896,658392000000,8.99180446497095,56508951698.4415
SASMDV,Maldives,Maldives,"Maldives, South Asia",,,,,,,,,
SASNPL,Nepal,Nepal,"Nepal, South Asia",9.64758262201608,,2337258154.39449,232532177700,2309609478.74277,7.41696496471313,84089285200,10.9660671291019,17102482843.8837
SASPAK,Pakistan,Pakistan,"Pakistan, South Asia",,,29686863797.2867,3011195000000,23739818896.2564,8.13148681668949,1220931000000,10.9525461020136,216846307719.761
SAU,Saudi Arabia,Saudi Arabia,Saudi Arabia,,,196303733333.333,736139000000,164476110819.401,-1.75118703034747,616785415572.755,30.0034790637042,263681841632.429
SDN,Sudan,Sudan,Sudan,,,4449048983.33333,26694293900,8293238826.9246,-9.0938190675846,3068001700,4.57927819910593,79276510000
SEN,Senegal,Senegal,Senegal,6.72564206354379,,2238326766.59058,1323858366100,2296285326.53886,4.60075384395783,717339334300,16.4462187523154,10446168212.6976
SGP,Singapore,Singapore,Singapore,19.1521330689827,48000000,31564300261.8563,43394600000,27952988632.1966,7.98301233560552,38113900000,10.6334137554687,108869653767.821
SLB,Solomon Islands,Solomon Islands,Solomon Islands,,,,,,,,,
SLE,Sierra Leone,Sierra Leone,Sierra Leone,,,435627662.529551,2211246015000,316170402.221683,24.357318317169,762390529100,10.2457718221458,4353179388.55398
SLV,El Salvador,El Salvador,El Salvador,4.64827243966451,,3142400000,3142400000,2650438954.60798,5.11569731081927,840400000,12.0618723692382,23488950000
SMR,San Marino,San Marino,San Marino,,,,,,,,,
SOM,Somalia,Somalia,Somalia,,,408000000,9076776000000,,,,6.88607594936709,
SRB,Serbia,Serbia,Serbia,,29000000,6027589021.00331,655870400000,7265341462.4419,-1.47769414744073,564727000000,16.2204927166726,27751436889.8847
SSD,South Sudan,South Sudan,South Sudan,,,3227316471.02081,13197465244.9454,2538502621.09711,0.367054714784572,5523299388.00931,35.798528250906,9084902216.9516
SSF,Sub-Saharan Africa,Sub-Saharan Africa,Sub-Saharan Africa,,,207490212895.54,,222978051873.486,0.00563899377617361,,14.5288864280673,1149568311315.86
SSFAGO,Angola,Angola,"Angola, Sub-Saharan Africa",14.916394676894,,17765558031.8159,2125999000000,,,,17.2544392259976,78061714870.1802
SSFBDI,Burundi,Burundi,"Burundi, Sub-Saharan Africa",,,640106556.598006,1006193610000,673930407.921143,-3.00000000042819,679632410800,20.6664334663582,2667359932.9557
SSFBEN,Benin,Benin,"Benin, Sub-Saharan Africa",,,1410771333.81633,834400000000,1508368237.39238,12.3892325698043,672200000000,17.0157228215429,5686537903.91234
SSFBFA,Burkina Faso,Burkina Faso,"Burkina Faso, Sub-Saharan Africa",9.4774110481599,,2502738002.82188,1480243140400,3159728882.14713,10.332945718174,1037479757100,22.4485786263267,6599235987.01157
SSFBWA,Botswana,Botswana,"Botswana, Sub-Saharan Africa",,,2972359102.25592,30056719665.5273,3970843404.82595,2.53090401819594,18375123962.4023,20.597600647169,7015760757.69833
SSFCAF,Central African Republic,Central African Republic,"Central African Republic, Sub-Saharan Africa",,,121565746.526119,71900000000,81008598.7656212,8.50230597221133,53049609300,7.67568697799852,1589611319.64775
SSFCIV,Cote d'Ivoire,Cote d'Ivoire,"Cote d'Ivoire, Sub-Saharan Africa",,,4706436382.10419,2782445189100,4282626207.87325,27.6912473158939,2131090677600,14.3364272052488,20342370447.9026
SSFCMR,Cameroon,Cameroon,"Cameroon, Sub-Saharan Africa",,,3350581917.81378,1981700000000,3649624114.44459,4.83963183151678,1331100000000,11.7912010757679,22230469380.7333
SSFCOM,Comoros,Comoros,"Comoros, Sub-Saharan Africa",,,,,,,,,
SSFCPV,Cabo Verde,Cabo Verde,"Cabo Verde, Sub-Saharan Africa",,,,,,,,,
SSFERI,Eritrea,Eritrea,"Eritrea, Sub-Saharan Africa",,,,,,,,,
SSFETH,Ethiopia,Ethiopia,"Ethiopia, Sub-Saharan Africa",,,5810686856.79007,116995500000,,3.7927639254879,72946800000,9.01378857603043,45927314673.1147
SSFGAB,Gabon,Gabon,"Gabon, Sub-Saharan Africa",,,2032112631.76315,1201892000000,2256067665.49153,-12.1047053544521,1047255000000,14.2484083941672,5297744858.69039
SSFGHA,Ghana,Ghana,"Ghana, Sub-Saharan Africa",,,7192953702.95208,26582999000,5805251382.22499,4.26676935258273,5780982400,19.1590562814867,25439551343.4532
SSFGIN,Guinea,Guinea,"Guinea, Sub-Saharan Africa",,,575912147.788008,4311000000000,1076702042.21862,2.49188594726537,3821000000000,8.59672562665762,6878736908.03469
SSFGNB,Guinea-Bissau,Guinea-Bissau,"Guinea-Bissau, Sub-Saharan Africa",,,115046865.201509,68044410900,128118738.353559,4.79677970772308,56682414300,10.886580274027,876246923.532778
SSFGNQ,Equatorial Guinea,Equatorial Guinea,"Equatorial Guinea, Sub-Saharan Africa",,,2471509401.9016,1461773000000,2621549846.30882,-4.74459913088207,1004242693100,20.3213743562103,5271241655.96556
SSFKEN,Kenya,Kenya,"Kenya, Sub-Saharan Africa",6.07407578457702,,9114486571.49376,894853000000,7686708964.20141,13.0263893578977,612516000000,14.2933013621917,47946927658.8116
SSFLBR,Liberia,Liberia,"Liberia, Sub-Saharan Africa",,,343000000,343000000,273585924.48406,5.20266897186225,106000000,16.8633235004916,3052200000
SSFLSO,Lesotho,Lesotho,"Lesotho, Sub-Saharan Africa",,,825071126.821278,10527000000,1099078110.40488,-0.360807306347951,8837000000,35.3320028584229,1928811898.95011
SSFMDG,Madagascar,Madagascar,"Madagascar, Sub-Saharan Africa",,,746505013.195292,2189878652200,692864036.173447,-19.5119115684117,38344655800,7.66538314029217,8365461533.6183
SSFMLI,Mali,Mali,"Mali, Sub-Saharan Africa",19.2249497855044,,2121097406.28743,1254522000400,1882652000.97758,8.10725485077468,611294825400,16.6403794165487,9273830111.95377
SSFMOZ,Mozambique,Mozambique,"Mozambique, Sub-Saharan Africa",,,3946897861.56443,157806843750,3317246354.89318,11.8228777536168,106748539062.5,26.671112407344,10029882580.5603
SSFMRT,Mauritania,Mauritania,"Mauritania, Sub-Saharan Africa",,,1094726457.19773,354570374780.058,1048773509.68974,-1.37341967783615,190672026601.433,22.5985950721296,2799450444.49939
SSFMUS,Mauritius,Mauritius,"Mauritius, Sub-Saharan Africa",,,1731081362.4785,60686000000,1578720306.90599,1.83189823364269,37573182800,14.8186675262012,8988239052.73457
SSFMWI,Malawi,Malawi,"Malawi, Sub-Saharan Africa",3.72260048553575,,887916435.067824,443609000000,1111122066.65685,13.7826056380837,169690000000,13.9320321573421,5027832893.35391
SSFNAM,Namibia,Namibia,"Namibia, Sub-Saharan Africa",12.5289491164403,,3107443055.43581,39647555200,3812911886.02961,9.44512009766353,27915090500,27.0412136481647,7191153986.62894
SSFNER,Niger,Niger,"Niger, Sub-Saharan Africa",,,1191332480.62599,704613000000,1169182583.54283,15.3888688492368,534217000000,16.6784347745814,4768243104.44087
SSFNGA,Nigeria,Nigeria,"Nigeria, Sub-Saharan Africa",,,28552041344.9753,5648950000000,24228020332.9386,-11.897290416031,3641423000000,5.93515905756837,377325285131.225
SSFRWA,Rwanda,Rwanda,"Rwanda, Sub-Saharan Africa",7.66126998169894,,1212247135.85809,874000000000,1252388336.86942,5.09708737864077,866000000000,14.6742780389523,6577203567.77925
SSFSDN,Sudan,Sudan,"Sudan, Sub-Saharan Africa",,,4449048983.33333,26694293900,8293238826.9246,-9.0938190675846,3068001700,4.57927819910593,79276510000
SSFSEN,Senegal,Senegal,"Senegal, Sub-Saharan Africa",6.72564206354379,,2238326766.59058,1323858366100,2296285326.53886,4.60075384395783,717339334300,16.4462187523154,10446168212.6976
SSFSLE,Sierra Leone,Sierra Leone,"Sierra Leone, Sub-Saharan Africa",,,435627662.529551,2211246015000,316170402.221683,24.357318317169,762390529100,10.2457718221458,4353179388.55398
SSFSOM,Somalia,Somalia,"Somalia, Sub-Saharan Africa",,,408000000,9076776000000,,,,6.88607594936709,
SSFSSD,South Sudan,South Sudan,"South Sudan, Sub-Saharan Africa",,,3227316471.02081,13197465244.9454,2538502621.09711,0.367054714784572,5523299388.00931,35.798528250906,9084902216.9516
SSFSTP,Sao Tome and Principe,Sao Tome and Principe,"Sao Tome and Principe, Sub-Saharan Africa",,,,,,,,,
SSFSWZ,Swaziland,Swaziland,"Swaziland, Sub-Saharan Africa",,,818000082.295496,10436781250,1095887107.47102,9.40252680040064,8518192382.8125,19.7697318767444,2870200588.9945
SSFSYC,Seychelles,Seychelles,"Seychelles, Sub-Saharan Africa",4.33958464370784,,377807113.604656,5037000000,,,,26.2781719532554,
SSFTCD,Chad,Chad,"Chad, Sub-Saharan Africa",,,563180768.941389,333092984200,449279357.497288,-55.3483099629871,187338800000,5.1721114034462,8025615781.05992
SSFTGO,Togo,Togo,"Togo, Sub-Saharan Africa",6.59435517267112,,650030983.203131,384460500000,694862965.870121,15.3142030204518,249535195000,15.9023996146302,3627720287.19274
SSFTZA,Tanzania,Tanzania,"Tanzania, Sub-Saharan Africa",7.33936882825672,,6250664987.43843,12447518000000,6226653075.21808,-3.78717528888205,6576034000000,13.6991126300507,28813450497.6672
SSFUGA,Uganda,Uganda,"Uganda, Sub-Saharan Africa",14.7043259622702,,2517333463.96829,7118332055800,2621116403.90199,15.4848435074837,5317934057000,9.03682910861113,21697075423.6503
SSFZAF,South Africa,South Africa,"South Africa, Sub-Saharan Africa",3.06524826116186,61000000,64948310591.0384,828669000000,84573976943.6704,0.45719662862102,619183000000,20.4621805890178,190185831066.942
SSFZMB,Zambia,Zambia,"Zambia, Sub-Saharan Africa",,,3126743340.98538,27104800000,,,,14.7805853493081,11098457669.5468
SSFZWE,Zimbabwe,Zimbabwe,"Zimbabwe, Sub-Saharan Africa",,,3768540600,3768540600,4370032331.62129,13.0742684923321,3442530500,23.4473086942032,12952887200
STP,Sao Tome and Principe,Sao Tome and Principe,Sao Tome and Principe,,,,,,,,,
SUR,Suriname,Suriname,Suriname,,,842341463.406416,2878000000,823982116.906015,4.96734962337671,1715491804.34192,17.2655828184054,1626729819.0794
SVN,Slovenia,Slovenia,Slovenia,2.22381802511697,,7989241505.33305,7203571200,9371183902.82974,2.450353135253,7075665100,18.6766122660497,22304967017.0098
SWE,Sweden,Sweden,Sweden,3.38983303740619,185000000,128794368674.611,1086360000000,132167576267.81,2.53031992526036,952601000000,25.9826175054764,223379318854.96
SWZ,Swaziland,Swaziland,Swaziland,,,818000082.295496,10436781250,1095887107.47102,9.40252680040064,8518192382.8125,19.7697318767444,2870200588.9945
SYC,Seychelles,Seychelles,Seychelles,4.33958464370784,,377807113.604656,5037000000,,,,26.2781719532554,
TCA,Turks and Caicos Islands,Turks and Caicos Islands,Turks and Caicos Islands,,,,,,,,,
TCD,Chad,Chad,Chad,,,563180768.941389,333092984200,449279357.497288,-55.3483099629871,187338800000,5.1721114034462,8025615781.05992
TGO,Togo,Togo,Togo,6.59435517267112,,650030983.203131,384460500000,694862965.870121,15.3142030204518,249535195000,15.9023996146302,3627720287.19274
THA,Thailand,Thailand,Thailand,7.61611190149603,,69088902320.4478,2366136000000,64588341336.6079,3.03710064187629,1504760000000,17.3053416383472,195060310619.399
TJK,Tajikistan,Tajikistan,Tajikistan,,,1161283477.47075,7157106200,,,,14.7869206803081,
TKM,Turkmenistan,Turkmenistan,Turkmenistan,,,,,,,,,
TLS,Timor-Leste,Timor-Leste,Timor-Leste,3.17139200972713,,,,,,,,
TON,Tonga,Tonga,Tonga,,,,,,,,,
TTO,Trinidad and Tobago,Trinidad and Tobago,Trinidad and Tobago,,,3854533148.24543,24581899699.6204,2884940829.07176,0.562265341783672,9386588489.87484,16.3609920328661,16501723589.3106
TUN,Tunisia,Tunisia,Tunisia,,,8438901101.14192,16553748400,,,,19.5541348516349,30669529669.6574
TUR,Turkey,Turkey,Turkey,6.11386858733904,290000000,119265846877.26,324403998000,144683913532.851,4.07691190649653,200706463000,13.8780681457282,519083453630.183
TUV,Tuvalu,Tuvalu,Tuvalu,,,,,,,,,
TZA,Tanzania,Tanzania,Tanzania,7.33936882825672,,6250664987.43843,12447518000000,6226653075.21808,-3.78717528888205,6576034000000,13.6991126300507,28813450497.6672
UGA,Uganda,Uganda,Uganda,14.7043259622702,,2517333463.96829,7118332055800,2621116403.90199,15.4848435074837,5317934057000,9.03682910861113,21697075423.6503
UKR,Ukraine,Ukraine,Ukraine,10.632569953119,347000000,17226833053.3264,376315000000,27295730631.5843,-0.412404312544538,216608000000,18.9241475169772,61016997257.9161
UMCAGO,Angola,Angola,"Angola, Upper-middle-income economies",14.916394676894,,17765558031.8159,2125999000000,,,,17.2544392259976,78061714870.1802
UMCALB,Albania,Albania,"Albania, Upper-middle-income economies",4.75454107726989,,1275883511.37814,160711307800,1444951095.20509,-0.27000005216648,48195547400,11.2014275088438,9083307322.5956
UMCASM,American Samoa,American Samoa,"American Samoa, Upper-middle-income economies",,,,,,,,,
UMCAZE,Azerbaijan,Azerbaijan,"Azerbaijan, Upper-middle-income economies",22.6259449113879,,6585594378.29397,6747600000,,,,12.4082383229128,30087936755.8071
UMCBGR,Bulgaria,Bulgaria,"Bulgaria, Upper-middle-income economies",4.72663835683241,66000000,8097027884.83337,14286396000,8527301183.188,1.35073167984685,12598200000,16.1298211611901,31390851280.8887
UMCBIH,Bosnia and Herzegovina,Bosnia and Herzegovina,"Bosnia and Herzegovina, Upper-middle-income economies",2.71081737636509,,3493187978.45194,6160237000,3957614816.82129,0.779752757030863,5844209800,21.5978097017275,12790151403.459
UMCBLR,Belarus,Belarus,"Belarus, Upper-middle-income economies",4.56000475977594,142000000,8424048635.02254,13416130000,8357268663.83187,-0.400339068947289,170754997.23,14.9217643769907,31579013529.7286
UMCBLZ,Belize,Belize,"Belize, Upper-middle-income economies",,,270032450,540064900,259115524.6163,6.51688626549252,395325600,15.4964325473435,1237350250
UMCBRA,Brazil,Brazil,"Brazil, Upper-middle-income economies",3.72902975928992,38000000,355726351859.088,1183466000000,444584419236.08,-1.05996092284065,321402483100,19.7225531166029,1151515224383.06
UMCBWA,Botswana,Botswana,"Botswana, Upper-middle-income economies",,,2972359102.25592,30056719665.5273,3970843404.82595,2.53090401819594,18375123962.4023,20.597600647169,7015760757.69833
UMCCHN,China,China,"China, Upper-middle-income economies",,1764000000,1546148534725.01,9628640000000,1178846501750.29,9.33492006137737,7981144470800,13.9737494412613,4109558281653.95
UMCCOL,Colombia,Colombia,"Colombia, Upper-middle-income economies",11.2982227113464,,54278798178.287,148826000000000,64239855952.8403,4.95120988211406,93034000000000,18.6192625658066,183029102394.637
UMCCRI,Costa Rica,Costa Rica,"Costa Rica, Upper-middle-income economies",,,9588640749.932,5125759413400,6867372048.56805,2.2534074230595,4335626782800,17.4847239095549,
UMCCUB,Cuba,Cuba,"Cuba, Upper-middle-income economies",,,28062225863.846,28062225863.846,21918004007.3983,0.0432593990876313,12719500000,32.2062711904656,48554174136.154
UMCDMA,Dominica,Dominica,"Dominica, Upper-middle-income economies",,,115442592.592593,311695000,,,,22.3198685390928,392073111.111111
UMCDOM,Dominican Republic,Dominican Republic,"Dominican Republic, Upper-middle-income economies",4.23317274627992,,7412611805.99178,333950763300,6024289320.51894,7.65577103955761,171113130900,10.8844740681876,47797820199.9037
UMCDZA,Algeria,Algeria,"Algeria, Upper-middle-income economies",,,34231040849.5661,3446771426600,31572853120.7197,-1.13000024210091,991963370000,20.7738508484578,68068894197.5184
UMCECU,Ecuador,Ecuador,"Ecuador, Upper-middle-income economies",,,14402697000,14402697000,12946914448.8801,0.597116652444214,10172307000,14.3772768243923,61864812000
UMCFJI,Fiji,Fiji,"Fiji, Upper-middle-income economies",,,703176803.668283,1475000000,,,,16.013810744659,3154427066.38908
UMCGAB,Gabon,Gabon,"Gabon, Upper-middle-income economies",,,2032112631.76315,1201892000000,2256067665.49153,-12.1047053544521,1047255000000,14.2484083941672,5297744858.69039
UMCGRD,Grenada,Grenada,"Grenada, Upper-middle-income economies",,,127407407.407407,344000000,,,,12.9469326307866,860013178.148148
UMCIRQ,Iraq,Iraq,"Iraq, Upper-middle-income economies",,,40059766991.9979,46763100000000,,,,22.3,106548229541.64
UMCJAM,Jamaica,Jamaica,"Jamaica, Upper-middle-income economies",2.76349313087171,,1962811896.90806,229448000000,2026390680.91725,-0.38277032109248,119196000000,13.7625337918285,11516771943.992
UMCJOR,Jordan,Jordan,"Jordan, Upper-middle-income economies",16.2867281760114,18000000,7012737746.47888,4979043800,5603859881.89509,3.63640602677657,1933620600,18.6919557981894,30054532112.6761
UMCKAZ,Kazakhstan,Kazakhstan,"Kazakhstan, Upper-middle-income economies",7.16543696976351,,21449401361.9371,4755939300000,23247149793.2836,2.40000000000047,1614226261362.04,11.6327261488061,104134604378.422
UMCLBN,Lebanon,Lebanon,"Lebanon, Upper-middle-income economies",19.5879934449212,,6507440898.64013,9809967154700,6555977407.76119,-0.29460315711043,9883135942200,13.8207113205811,31355870895.9204
UMCLBY,Libya,Libya,"Libya, Upper-middle-income economies",,,,,,,,,
UMCLCA,St. Lucia,St. Lucia,"St. Lucia, Upper-middle-income economies",,,196588148.148148,530788000,,,,13.7365134305145,990059444.444445
UMCMDV,Maldives,Maldives,"Maldives, Upper-middle-income economies",,,,,,,,,
UMCMEX,Mexico,Mexico,"Mexico, Upper-middle-income economies",,,143375766549.094,2272262161000,137151048332.842,2.29159966622336,1552490583000,12.4562243645741,766448049128.298
UMCMHL,Marshall Islands,Marshall Islands,"Marshall Islands, Upper-middle-income economies",,,,,,,,,
UMCMNE,Montenegro,Montenegro,"Montenegro, Upper-middle-income economies",,,777992680.492403,701516000,982572103.342869,1.9101738424293,320891800,19.3535856700105,3184942885.66042
UMCMNG,Mongolia,Mongolia,"Mongolia, Upper-middle-income economies",,,1589657959.72531,3132117702900,1561614116.19288,-4.70602651680977,2119210611300,13.5389837669656,6861701981.29309
UMCMUS,Mauritius,Mauritius,"Mauritius, Upper-middle-income economies",,,1731081362.4785,60686000000,1578720306.90599,1.83189823364269,37573182800,14.8186675262012,8988239052.73457
UMCMYS,Malaysia,Malaysia,"Malaysia, Upper-middle-income economies",8.22207976810948,,38916399948.7902,151988000000,44471453851.1688,4.35647315086656,143247000000,13.134865970579,160361285366.79
UMCNAM,Namibia,Namibia,"Namibia, Upper-middle-income economies",12.5289491164403,,3107443055.43581,39647555200,3812911886.02961,9.44512009766353,27915090500,27.0412136481647,7191153986.62894
UMCPAN,Panama,Panama,"Panama, Upper-middle-income economies",,,5406000000,5406000000,4407711023.59334,9.53841919696039,3668000000,10.3697728051258,27221289700
UMCPER,Peru,Peru,"Peru, Upper-middle-income economies",8.16762479174785,,24942218314.2821,79426000000,22233101821.9741,5.76808183217163,58421000000,13.1821478539551,123386823263.409
UMCPLW,Palau,Palau,"Palau, Upper-middle-income economies",,,,,,,,,
UMCPRY,Paraguay,Paraguay,"Paraguay, Upper-middle-income economies",6.60163925490852,,3486809523.85344,18148529758800,2996834473.72595,4.32249999675993,2730353140100,12.7803505135291,18985401196.0822
UMCROU,Romania,Romania,"Romania, Upper-middle-income economies",4.43946637073087,,24337868537.3343,97490200000,25960896476.5101,0.141692138251926,48554100000,13.7097215353,109962628254.737
UMCSRB,Serbia,Serbia,"Serbia, Upper-middle-income economies",,29000000,6027589021.00331,655870400000,7265341462.4419,-1.47769414744073,564727000000,16.2204927166726,27751436889.8847
UMCSUR,Suriname,Suriname,"Suriname, Upper-middle-income economies",,,842341463.406416,2878000000,823982116.906015,4.96734962337671,1715491804.34192,17.2655828184054,1626729819.0794
UMCTHA,Thailand,Thailand,"Thailand, Upper-middle-income economies",7.61611190149603,,69088902320.4478,2366136000000,64588341336.6079,3.03710064187629,1504760000000,17.3053416383472,195060310619.399
UMCTKM,Turkmenistan,Turkmenistan,"Turkmenistan, Upper-middle-income economies",,,,,,,,,
UMCTON,Tonga,Tonga,"Tonga, Upper-middle-income economies",,,,,,,,,
UMCTUN,Tunisia,Tunisia,"Tunisia, Upper-middle-income economies",,,8438901101.14192,16553748400,,,,19.5541348516349,30669529669.6574
UMCTUR,Turkey,Turkey,"Turkey, Upper-middle-income economies",6.11386858733904,290000000,119265846877.26,324403998000,144683913532.851,4.07691190649653,200706463000,13.8780681457282,519083453630.183
UMCTUV,Tuvalu,Tuvalu,"Tuvalu, Upper-middle-income economies",,,,,,,,,
UMCVCT,St. Vincent and the Grenadines,St. Vincent and the Grenadines,"St. Vincent and the Grenadines, Upper-middle-income economies",,,163803703.703704,442270000,,,,22.2051450747525,579775962.962963
UMCZAF,South Africa,South Africa,"South Africa, Upper-middle-income economies",3.06524826116186,61000000,64948310591.0384,828669000000,84573976943.6704,0.45719662862102,619183000000,20.4621805890178,190185831066.942
URY,Uruguay,Uruguay,Uruguay,8.4039410486602,,7370931508.30302,201428393700,6146355770.16472,2.15021905620904,70989568700,13.8358099968444,35603930267.7898
UZB,Uzbekistan,Uzbekistan,Uzbekistan,,34000000,10570801054.5212,27145711400000,,,,15.8,41476406734.8393
VCT,St. Vincent and the Grenadines,St. Vincent and the Grenadines,St. Vincent and the Grenadines,,,163803703.703704,442270000,,,,22.2051450747525,579775962.962963
VIR,Virgin Islands (U.S.),Virgin Islands (U.S.),Virgin Islands (U.S.),,,,,,,,,
VNM,Vietnam,Vietnam,Vietnam,,,12238468667.0522,265545000000000,9792661888.3971,6.96011388890159,182270000000000,6.3332635321649,125991113568.201
VUT,Vanuatu,Vanuatu,Vanuatu,,,,,,,,,
WLD,World,World,World,8.14368313427038,,12206509895504.8,,12400370805148.1,2.20852234918536,,17.0734910709807,42610029812354.8
WSM,Samoa,Samoa,Samoa,,,,,,,,,
XKX,Kosovo,Kosovo,Kosovo,,,991349672.840191,893900000,921010250.693943,-6.4914249078378,583400000,15.3924303474877,5554951757.79084
ZAF,South Africa,South Africa,South Africa,3.06524826116186,61000000,64948310591.0384,828669000000,84573976943.6704,0.45719662862102,619183000000,20.4621805890178,190185831066.942
ZMB,Zambia,Zambia,Zambia,,,3126743340.98538,27104800000,,,,14.7805853493081,11098457669.5468
ZWE,Zimbabwe,Zimbabwe,Zimbabwe,,,3768540600,3768540600,4370032331.62129,13.0742684923321,3442530500,23.4473086942032,12952887200
